step,nmobile,nbank,noutlet,outlet_deleted,sum_contact,max_contact,sum_ke_J,sum_erot_J,bank_contact,bank_ke_J,bank_erot_J
0.000000000000000000e+00,0.000000000000000000e+00,0.000000000000000000e+00,0.000000000000000000e+00,0.000000000000000000e+00,0.000000000000000000e+00,-1.000000000000000000e+20,0.000000000000000000e+00,0.000000000000000000e+00,0.000000000000000000e+00,0.000000000000000000e+00,0.000000000000000000e+00
2.000000000000000000e+03,9.141000000000000000e+03,0.000000000000000000e+00,0.000000000000000000e+00,0.000000000000000000e+00,6.000000000000000000e+00,1.000000000000000000e+00,1.167779999999999939e-06,6.584359999999999946e-11,0.000000000000000000e+00,0.000000000000000000e+00,0.000000000000000000e+00
4.000000000000000000e+03,9.141000000000000000e+03,0.000000000000000000e+00,0.000000000000000000e+00,0.000000000000000000e+00,1.000000000000000000e+01,1.000000000000000000e+00,1.192080000000000071e-06,1.201289999999999943e-10,0.000000000000000000e+00,0.000000000000000000e+00,0.000000000000000000e+00
6.000000000000000000e+03,9.141000000000000000e+03,0.000000000000000000e+00,0.000000000000000000e+00,0.000000000000000000e+00,1.000000000000000000e+01,1.000000000000000000e+00,1.216639999999999968e-06,1.660950000000000091e-10,0.000000000000000000e+00,0.000000000000000000e+00,0.000000000000000000e+00
8.000000000000000000e+03,9.141000000000000000e+03,0.000000000000000000e+00,0.000000000000000000e+00,0.000000000000000000e+00,1.000000000000000000e+01,1.000000000000000000e+00,1.241469999999999906e-06,1.983199999999999934e-10,0.000000000000000000e+00,0.000000000000000000e+00,0.000000000000000000e+00
1.000000000000000000e+04,9.141000000000000000e+03,0.000000000000000000e+00,0.000000000000000000e+00,0.000000000000000000e+00,2.000000000000000000e+00,1.000000000000000000e+00,1.266549999999999969e-06,2.255770000000000111e-10,0.000000000000000000e+00,0.000000000000000000e+00,0.000000000000000000e+00
1.200000000000000000e+04,9.141000000000000000e+03,0.000000000000000000e+00,0.000000000000000000e+00,0.000000000000000000e+00,6.000000000000000000e+00,1.000000000000000000e+00,1.291890000000000010e-06,2.542900000000000080e-10,0.000000000000000000e+00,0.000000000000000000e+00,0.000000000000000000e+00
1.400000000000000000e+04,9.141000000000000000e+03,0.000000000000000000e+00,0.000000000000000000e+00,0.000000000000000000e+00,2.000000000000000000e+00,1.000000000000000000e+00,1.317479999999999963e-06,2.794909999999999916e-10,0.000000000000000000e+00,0.000000000000000000e+00,0.000000000000000000e+00
1.600000000000000000e+04,9.141000000000000000e+03,1.300000000000000000e+02,0.000000000000000000e+00,0.000000000000000000e+00,8.000000000000000000e+00,1.000000000000000000e+00,1.343330000000000105e-06,3.051740000000000258e-10,0.000000000000000000e+00,2.253360000000000002e-08,1.416260000000000066e-12
1.800000000000000000e+04,9.141000000000000000e+03,4.520000000000000000e+02,0.000000000000000000e+00,0.000000000000000000e+00,6.000000000000000000e+00,1.000000000000000000e+00,1.369429999999999948e-06,3.240660000000000160e-10,0.000000000000000000e+00,8.048819999999999674e-08,5.728300000000000138e-12
2.000000000000000000e+04,9.141000000000000000e+03,7.530000000000000000e+02,0.000000000000000000e+00,0.000000000000000000e+00,2.000000000000000000e+00,1.000000000000000000e+00,1.395789999999999980e-06,3.449089999999999925e-10,0.000000000000000000e+00,1.346379999999999910e-07,1.040989999999999990e-11
2.200000000000000000e+04,9.141000000000000000e+03,1.083000000000000000e+03,0.000000000000000000e+00,0.000000000000000000e+00,2.000000000000000000e+00,1.000000000000000000e+00,1.422399999999999925e-06,3.572679999999999806e-10,0.000000000000000000e+00,1.958130000000000078e-07,1.714410000000000002e-11
2.400000000000000000e+04,9.141000000000000000e+03,1.438000000000000000e+03,0.000000000000000000e+00,0.000000000000000000e+00,2.000000000000000000e+00,1.000000000000000000e+00,1.447220000000000011e-06,2.132359999999999862e-09,0.000000000000000000e+00,2.602210000000000112e-07,1.788249999999999899e-09
2.600000000000000000e+04,9.141000000000000000e+03,1.799000000000000000e+03,0.000000000000000000e+00,0.000000000000000000e+00,1.200000000000000000e+01,1.000000000000000000e+00,1.466189999999999975e-06,8.385550000000000268e-09,4.000000000000000000e+00,3.218990000000000160e-07,8.036800000000000206e-09
2.800000000000000000e+04,9.141000000000000000e+03,2.175000000000000000e+03,0.000000000000000000e+00,0.000000000000000000e+00,6.000000000000000000e+00,1.000000000000000000e+00,1.482919999999999941e-06,1.419130000000000082e-08,2.000000000000000000e+00,3.837519999999999809e-07,1.383799999999999957e-08
3.000000000000000000e+04,9.141000000000000000e+03,2.556000000000000000e+03,0.000000000000000000e+00,0.000000000000000000e+00,6.000000000000000000e+00,1.000000000000000000e+00,1.496480000000000070e-06,2.238290000000000053e-08,4.000000000000000000e+00,4.437859999999999744e-07,2.186560000000000026e-08
3.200000000000000000e+04,9.141000000000000000e+03,2.944000000000000000e+03,0.000000000000000000e+00,0.000000000000000000e+00,1.400000000000000000e+01,1.000000000000000000e+00,1.509360000000000064e-06,2.908849999999999938e-08,1.000000000000000000e+01,5.068440000000000087e-07,2.824210000000000115e-08
3.400000000000000000e+04,1.733700000000000000e+04,3.373000000000000000e+03,0.000000000000000000e+00,0.000000000000000000e+00,1.700000000000000000e+01,1.000000000000000000e+00,2.561150000000000034e-06,3.531649999999999731e-08,9.000000000000000000e+00,5.787699999999999872e-07,3.404669999999999742e-08
3.600000000000000000e+04,1.733700000000000000e+04,3.857000000000000000e+03,0.000000000000000000e+00,0.000000000000000000e+00,2.100000000000000000e+01,1.000000000000000000e+00,2.594179999999999953e-06,4.160029999999999830e-08,7.000000000000000000e+00,6.594949999999999640e-07,4.050480000000000017e-08
3.800000000000000000e+04,1.733700000000000000e+04,4.334000000000000000e+03,0.000000000000000000e+00,0.000000000000000000e+00,2.200000000000000000e+01,1.000000000000000000e+00,2.626050000000000040e-06,4.719069999999999918e-08,2.000000000000000000e+01,7.396870000000000510e-07,4.598009999999999759e-08
4.000000000000000000e+04,1.733700000000000000e+04,4.861000000000000000e+03,0.000000000000000000e+00,0.000000000000000000e+00,2.600000000000000000e+01,1.000000000000000000e+00,2.654459999999999908e-06,5.412699999999999889e-08,1.800000000000000000e+01,8.245749999999999572e-07,5.270909999999999782e-08
4.200000000000000000e+04,1.733700000000000000e+04,5.453000000000000000e+03,0.000000000000000000e+00,0.000000000000000000e+00,1.100000000000000000e+01,1.000000000000000000e+00,2.684819999999999817e-06,5.876030000000000108e-08,7.000000000000000000e+00,9.289470000000000397e-07,5.731810000000000290e-08
4.400000000000000000e+04,1.733700000000000000e+04,6.187000000000000000e+03,0.000000000000000000e+00,0.000000000000000000e+00,3.700000000000000000e+01,1.000000000000000000e+00,2.712480000000000159e-06,6.520150000000000320e-08,3.100000000000000000e+01,1.058179999999999964e-06,6.315850000000000270e-08
4.600000000000000000e+04,1.733700000000000000e+04,7.215000000000000000e+03,0.000000000000000000e+00,0.000000000000000000e+00,5.000000000000000000e+01,2.000000000000000000e+00,2.738539999999999957e-06,7.107379999999999418e-08,4.200000000000000000e+01,1.235549999999999970e-06,6.918200000000000367e-08
4.800000000000000000e+04,1.733700000000000000e+04,8.546000000000000000e+03,0.000000000000000000e+00,0.000000000000000000e+00,3.600000000000000000e+01,1.000000000000000000e+00,2.758699999999999947e-06,7.887349999999999486e-08,3.000000000000000000e+01,1.466930000000000073e-06,7.722540000000000011e-08
5.000000000000000000e+04,1.733700000000000000e+04,9.383000000000000000e+03,0.000000000000000000e+00,0.000000000000000000e+00,6.500000000000000000e+01,1.000000000000000000e+00,2.769639999999999964e-06,8.676819999999999739e-08,5.700000000000000000e+01,1.598170000000000023e-06,8.561570000000000080e-08
5.200000000000000000e+04,1.733700000000000000e+04,9.672000000000000000e+03,0.000000000000000000e+00,0.000000000000000000e+00,9.000000000000000000e+01,2.000000000000000000e+00,2.770159999999999918e-06,9.570170000000000257e-08,8.400000000000000000e+01,1.627899999999999906e-06,9.468790000000000179e-08
5.400000000000000000e+04,1.733700000000000000e+04,9.939000000000000000e+03,0.000000000000000000e+00,0.000000000000000000e+00,6.500000000000000000e+01,1.000000000000000000e+00,2.774420000000000196e-06,9.921640000000000161e-08,6.500000000000000000e+01,1.658969999999999932e-06,9.820379999999999955e-08
5.600000000000000000e+04,1.733700000000000000e+04,1.023000000000000000e+04,0.000000000000000000e+00,0.000000000000000000e+00,8.500000000000000000e+01,2.000000000000000000e+00,2.784560000000000153e-06,1.025960000000000010e-07,8.100000000000000000e+01,1.699900000000000021e-06,1.013549999999999967e-07
5.800000000000000000e+04,1.733700000000000000e+04,1.053500000000000000e+04,0.000000000000000000e+00,0.000000000000000000e+00,6.200000000000000000e+01,1.000000000000000000e+00,2.805449999999999965e-06,1.016439999999999935e-07,5.600000000000000000e+01,1.755299999999999948e-06,1.005350000000000066e-07
6.000000000000000000e+04,1.733700000000000000e+04,1.084000000000000000e+04,0.000000000000000000e+00,0.000000000000000000e+00,5.600000000000000000e+01,1.000000000000000000e+00,2.829710000000000051e-06,1.029559999999999989e-07,5.400000000000000000e+01,1.815210000000000066e-06,1.014790000000000049e-07
6.200000000000000000e+04,1.733700000000000000e+04,1.119300000000000000e+04,0.000000000000000000e+00,0.000000000000000000e+00,3.200000000000000000e+01,1.000000000000000000e+00,2.856160000000000027e-06,1.035810000000000062e-07,2.900000000000000000e+01,1.885550000000000099e-06,1.017680000000000018e-07
6.400000000000000000e+04,1.733700000000000000e+04,1.153600000000000000e+04,0.000000000000000000e+00,0.000000000000000000e+00,4.100000000000000000e+01,1.000000000000000000e+00,2.879930000000000140e-06,1.096460000000000012e-07,3.400000000000000000e+01,1.952290000000000073e-06,1.075100000000000012e-07
6.600000000000000000e+04,2.586500000000000000e+04,1.193200000000000000e+04,0.000000000000000000e+00,0.000000000000000000e+00,4.400000000000000000e+01,1.000000000000000000e+00,3.968570000000000020e-06,1.236750000000000007e-07,3.400000000000000000e+01,2.018529999999999798e-06,1.216540000000000119e-07
6.800000000000000000e+04,2.586500000000000000e+04,1.235600000000000000e+04,0.000000000000000000e+00,0.000000000000000000e+00,7.400000000000000000e+01,1.000000000000000000e+00,3.990720000000000308e-06,1.424460000000000038e-07,6.400000000000000000e+01,2.078029999999999821e-06,1.405259999999999972e-07
7.000000000000000000e+04,2.586500000000000000e+04,1.278200000000000000e+04,0.000000000000000000e+00,0.000000000000000000e+00,6.500000000000000000e+01,1.000000000000000000e+00,4.015190000000000261e-06,1.575389999999999921e-07,5.700000000000000000e+01,2.142370000000000039e-06,1.555329999999999939e-07
7.200000000000000000e+04,2.586500000000000000e+04,1.324100000000000000e+04,0.000000000000000000e+00,0.000000000000000000e+00,5.600000000000000000e+01,1.000000000000000000e+00,4.041169999999999969e-06,1.706940000000000063e-07,5.200000000000000000e+01,2.213139999999999871e-06,1.688750000000000084e-07
7.400000000000000000e+04,2.586500000000000000e+04,1.372900000000000000e+04,0.000000000000000000e+00,0.000000000000000000e+00,7.400000000000000000e+01,1.000000000000000000e+00,4.062110000000000314e-06,1.848630000000000057e-07,6.800000000000000000e+01,2.285739999999999820e-06,1.829589999999999908e-07
7.600000000000000000e+04,2.586500000000000000e+04,1.434000000000000000e+04,0.000000000000000000e+00,0.000000000000000000e+00,5.600000000000000000e+01,1.000000000000000000e+00,4.085049999999999962e-06,1.959619999999999915e-07,5.400000000000000000e+01,2.385789999999999819e-06,1.943279999999999915e-07
7.800000000000000000e+04,2.586500000000000000e+04,1.514900000000000000e+04,0.000000000000000000e+00,0.000000000000000000e+00,7.200000000000000000e+01,1.000000000000000000e+00,4.105099999999999880e-06,2.090430000000000012e-07,6.600000000000000000e+01,2.517460000000000203e-06,2.075179999999999925e-07
8.000000000000000000e+04,2.586500000000000000e+04,1.626500000000000000e+04,0.000000000000000000e+00,0.000000000000000000e+00,1.020000000000000000e+02,1.000000000000000000e+00,4.110969999999999707e-06,2.273149999999999943e-07,9.000000000000000000e+01,2.694089999999999900e-06,2.259490000000000071e-07
8.200000000000000000e+04,2.586500000000000000e+04,1.746700000000000000e+04,0.000000000000000000e+00,0.000000000000000000e+00,9.300000000000000000e+01,2.000000000000000000e+00,4.108630000000000336e-06,2.429059999999999915e-07,9.100000000000000000e+01,2.874940000000000040e-06,2.421010000000000051e-07
8.400000000000000000e+04,2.586500000000000000e+04,1.780900000000000000e+04,0.000000000000000000e+00,0.000000000000000000e+00,9.900000000000000000e+01,1.000000000000000000e+00,4.097370000000000379e-06,2.615580000000000185e-07,9.300000000000000000e+01,2.898830000000000077e-06,2.608040000000000105e-07
8.600000000000000000e+04,2.586500000000000000e+04,1.812300000000000000e+04,0.000000000000000000e+00,0.000000000000000000e+00,1.290000000000000000e+02,1.000000000000000000e+00,4.071710000000000188e-06,2.789399999999999818e-07,1.170000000000000000e+02,2.905920000000000123e-06,2.781610000000000249e-07
8.800000000000000000e+04,2.586500000000000000e+04,1.843300000000000000e+04,0.000000000000000000e+00,0.000000000000000000e+00,1.380000000000000000e+02,2.000000000000000000e+00,4.047180000000000272e-06,2.926029999999999897e-07,1.300000000000000000e+02,2.915159999999999801e-06,2.918049999999999848e-07
9.000000000000000000e+04,2.586500000000000000e+04,1.874600000000000000e+04,0.000000000000000000e+00,0.000000000000000000e+00,1.140000000000000000e+02,1.000000000000000000e+00,4.029629999999999906e-06,2.994149999999999848e-07,1.100000000000000000e+02,2.934399999999999806e-06,2.984440000000000220e-07
9.200000000000000000e+04,2.586500000000000000e+04,1.907400000000000000e+04,0.000000000000000000e+00,0.000000000000000000e+00,1.300000000000000000e+02,1.000000000000000000e+00,4.010590000000000339e-06,3.064309999999999995e-07,1.260000000000000000e+02,2.952779999999999789e-06,3.057200000000000138e-07
9.400000000000000000e+04,2.586500000000000000e+04,1.943600000000000000e+04,0.000000000000000000e+00,0.000000000000000000e+00,1.190000000000000000e+02,1.000000000000000000e+00,3.993629999999999743e-06,3.137589999999999973e-07,1.170000000000000000e+02,2.979950000000000158e-06,3.130639999999999769e-07
9.600000000000000000e+04,2.586500000000000000e+04,1.978500000000000000e+04,0.000000000000000000e+00,0.000000000000000000e+00,1.110000000000000000e+02,2.000000000000000000e+00,3.981540000000000169e-06,3.180929999999999884e-07,1.090000000000000000e+02,3.011970000000000149e-06,3.171919999999999990e-07
9.800000000000000000e+04,2.586500000000000000e+04,2.018000000000000000e+04,0.000000000000000000e+00,0.000000000000000000e+00,1.310000000000000000e+02,2.000000000000000000e+00,3.971900000000000037e-06,3.179600000000000228e-07,1.270000000000000000e+02,3.054549999999999833e-06,3.171640000000000202e-07
1.000000000000000000e+05,3.469000000000000000e+04,2.058500000000000000e+04,0.000000000000000000e+00,0.000000000000000000e+00,1.250000000000000000e+02,1.000000000000000000e+00,5.094069999999999663e-06,3.230920000000000188e-07,1.150000000000000000e+02,3.106630000000000019e-06,3.217479999999999771e-07
1.020000000000000000e+05,3.469000000000000000e+04,2.101200000000000000e+04,0.000000000000000000e+00,0.000000000000000000e+00,1.200000000000000000e+02,3.000000000000000000e+00,5.116080000000000321e-06,3.260039999999999855e-07,1.120000000000000000e+02,3.164180000000000002e-06,3.246550000000000176e-07
1.040000000000000000e+05,3.469000000000000000e+04,2.148400000000000000e+04,0.000000000000000000e+00,0.000000000000000000e+00,1.140000000000000000e+02,1.000000000000000000e+00,5.140390000000000093e-06,3.308309999999999797e-07,1.080000000000000000e+02,3.233760000000000020e-06,3.294639999999999914e-07
1.060000000000000000e+05,3.469000000000000000e+04,2.197500000000000000e+04,0.000000000000000000e+00,0.000000000000000000e+00,1.120000000000000000e+02,1.000000000000000000e+00,5.162819999999999640e-06,3.380090000000000193e-07,1.060000000000000000e+02,3.304579999999999962e-06,3.367039999999999953e-07
1.080000000000000000e+05,3.469000000000000000e+04,2.256800000000000000e+04,0.000000000000000000e+00,0.000000000000000000e+00,9.300000000000000000e+01,1.000000000000000000e+00,5.187609999999999956e-06,3.438680000000000190e-07,8.300000000000000000e+01,3.399459999999999975e-06,3.421849999999999900e-07
1.100000000000000000e+05,3.469000000000000000e+04,2.329000000000000000e+04,0.000000000000000000e+00,0.000000000000000000e+00,1.210000000000000000e+02,2.000000000000000000e+00,5.208869999999999817e-06,3.514919999999999819e-07,1.090000000000000000e+02,3.516480000000000000e-06,3.498329999999999801e-07
1.120000000000000000e+05,3.469000000000000000e+04,2.437600000000000000e+04,0.000000000000000000e+00,0.000000000000000000e+00,1.270000000000000000e+02,1.000000000000000000e+00,5.224079999999999964e-06,3.640019999999999794e-07,1.170000000000000000e+02,3.697229999999999921e-06,3.626919999999999763e-07
1.140000000000000000e+05,3.469000000000000000e+04,2.575900000000000000e+04,0.000000000000000000e+00,0.000000000000000000e+00,1.330000000000000000e+02,2.000000000000000000e+00,5.235030000000000258e-06,3.741890000000000163e-07,1.310000000000000000e+02,3.929740000000000089e-06,3.733620000000000050e-07
1.160000000000000000e+05,3.469000000000000000e+04,2.623700000000000000e+04,0.000000000000000000e+00,0.000000000000000000e+00,1.750000000000000000e+02,2.000000000000000000e+00,5.234400000000000232e-06,3.869129999999999918e-07,1.750000000000000000e+02,3.984839999999999781e-06,3.862839999999999933e-07
1.180000000000000000e+05,3.469000000000000000e+04,2.653900000000000000e+04,0.000000000000000000e+00,0.000000000000000000e+00,1.710000000000000000e+02,1.000000000000000000e+00,5.218109999999999918e-06,4.009560000000000071e-07,1.660000000000000000e+02,3.998720000000000062e-06,4.002560000000000075e-07
1.200000000000000000e+05,3.469000000000000000e+04,2.684500000000000000e+04,0.000000000000000000e+00,0.000000000000000000e+00,1.840000000000000000e+02,1.000000000000000000e+00,5.199919999999999674e-06,4.108879999999999931e-07,1.760000000000000000e+02,4.012819999999999639e-06,4.101120000000000132e-07
1.220000000000000000e+05,3.469000000000000000e+04,2.717900000000000000e+04,0.000000000000000000e+00,0.000000000000000000e+00,1.670000000000000000e+02,2.000000000000000000e+00,5.185410000000000214e-06,4.183570000000000185e-07,1.650000000000000000e+02,4.034529999999999639e-06,4.177140000000000041e-07
1.240000000000000000e+05,3.469000000000000000e+04,2.750300000000000000e+04,0.000000000000000000e+00,0.000000000000000000e+00,2.070000000000000000e+02,2.000000000000000000e+00,5.172789999999999986e-06,4.227299999999999743e-07,2.030000000000000000e+02,4.057800000000000350e-06,4.218930000000000046e-07
1.260000000000000000e+05,3.469000000000000000e+04,2.784700000000000000e+04,0.000000000000000000e+00,0.000000000000000000e+00,1.930000000000000000e+02,2.000000000000000000e+00,5.158679999999999710e-06,4.276729999999999942e-07,1.910000000000000000e+02,4.085540000000000359e-06,4.267229999999999757e-07
1.280000000000000000e+05,3.469000000000000000e+04,2.823100000000000000e+04,0.000000000000000000e+00,0.000000000000000000e+00,1.750000000000000000e+02,1.000000000000000000e+00,5.152469999999999815e-06,4.303240000000000091e-07,1.750000000000000000e+02,4.131289999999999878e-06,4.291739999999999757e-07
1.300000000000000000e+05,3.469000000000000000e+04,2.861900000000000000e+04,0.000000000000000000e+00,0.000000000000000000e+00,1.930000000000000000e+02,2.000000000000000000e+00,5.139860000000000286e-06,4.389149999999999833e-07,1.910000000000000000e+02,4.171310000000000047e-06,4.376560000000000115e-07
1.320000000000000000e+05,4.386700000000000000e+04,2.903300000000000000e+04,0.000000000000000000e+00,0.000000000000000000e+00,1.930000000000000000e+02,2.000000000000000000e+00,6.287069999999999929e-06,4.430800000000000209e-07,1.910000000000000000e+02,4.218319999999999619e-06,4.415400000000000217e-07
1.340000000000000000e+05,4.386700000000000000e+04,2.946000000000000000e+04,0.000000000000000000e+00,0.000000000000000000e+00,2.120000000000000000e+02,1.000000000000000000e+00,6.307970000000000017e-06,4.481629999999999877e-07,2.040000000000000000e+02,4.277009999999999730e-06,4.462230000000000114e-07
1.360000000000000000e+05,4.386700000000000000e+04,2.991000000000000000e+04,0.000000000000000000e+00,0.000000000000000000e+00,1.820000000000000000e+02,1.000000000000000000e+00,6.331469999999999877e-06,4.532609999999999981e-07,1.760000000000000000e+02,4.340299999999999763e-06,4.511670000000000059e-07
1.380000000000000000e+05,4.386700000000000000e+04,3.043600000000000000e+04,0.000000000000000000e+00,0.000000000000000000e+00,1.770000000000000000e+02,1.000000000000000000e+00,6.356730000000000038e-06,4.561349999999999747e-07,1.720000000000000000e+02,4.419339999999999602e-06,4.543260000000000145e-07
1.400000000000000000e+05,4.386700000000000000e+04,3.101000000000000000e+04,0.000000000000000000e+00,0.000000000000000000e+00,2.280000000000000000e+02,2.000000000000000000e+00,6.379290000000000209e-06,4.617849999999999756e-07,2.180000000000000000e+02,4.505800000000000126e-06,4.598939999999999755e-07
1.420000000000000000e+05,4.386700000000000000e+04,3.174000000000000000e+04,0.000000000000000000e+00,0.000000000000000000e+00,1.900000000000000000e+02,2.000000000000000000e+00,6.399040000000000316e-06,4.718630000000000213e-07,1.900000000000000000e+02,4.620179999999999699e-06,4.698700000000000113e-07
1.440000000000000000e+05,4.386700000000000000e+04,3.268400000000000000e+04,0.000000000000000000e+00,0.000000000000000000e+00,1.810000000000000000e+02,1.000000000000000000e+00,6.416040000000000323e-06,4.828260000000000381e-07,1.740000000000000000e+02,4.775510000000000124e-06,4.806599999999999643e-07
1.460000000000000000e+05,4.386700000000000000e+04,3.400100000000000000e+04,0.000000000000000000e+00,0.000000000000000000e+00,1.960000000000000000e+02,2.000000000000000000e+00,6.436710000000000414e-06,4.884880000000000527e-07,1.910000000000000000e+02,5.000530000000000216e-06,4.868530000000000252e-07
1.480000000000000000e+05,4.386700000000000000e+04,3.495400000000000000e+04,0.000000000000000000e+00,0.000000000000000000e+00,2.040000000000000000e+02,2.000000000000000000e+00,6.438639999999999903e-06,4.980399999999999784e-07,1.990000000000000000e+02,5.135709999999999657e-06,4.968399999999999941e-07
1.500000000000000000e+05,4.386700000000000000e+04,3.526300000000000000e+04,0.000000000000000000e+00,0.000000000000000000e+00,2.290000000000000000e+02,2.000000000000000000e+00,6.426950000000000359e-06,5.136589999999999808e-07,2.210000000000000000e+02,5.151319999999999834e-06,5.127740000000000096e-07
1.520000000000000000e+05,4.386700000000000000e+04,3.559000000000000000e+04,0.000000000000000000e+00,0.000000000000000000e+00,2.710000000000000000e+02,2.000000000000000000e+00,6.410250000000000163e-06,5.243670000000000526e-07,2.630000000000000000e+02,5.167799999999999887e-06,5.235750000000000015e-07
1.540000000000000000e+05,4.386700000000000000e+04,3.591300000000000000e+04,0.000000000000000000e+00,0.000000000000000000e+00,2.380000000000000000e+02,2.000000000000000000e+00,6.401959999999999604e-06,5.293170000000000009e-07,2.380000000000000000e+02,5.193369999999999711e-06,5.284299999999999745e-07
1.560000000000000000e+05,4.386700000000000000e+04,3.627700000000000000e+04,0.000000000000000000e+00,0.000000000000000000e+00,2.390000000000000000e+02,2.000000000000000000e+00,6.389999999999999806e-06,5.401340000000000110e-07,2.390000000000000000e+02,5.222810000000000060e-06,5.391520000000000093e-07
1.580000000000000000e+05,4.386700000000000000e+04,3.666100000000000000e+04,0.000000000000000000e+00,0.000000000000000000e+00,2.540000000000000000e+02,2.000000000000000000e+00,6.377249999999999801e-06,5.449330000000000264e-07,2.500000000000000000e+02,5.257299999999999623e-06,5.439280000000000250e-07
1.600000000000000000e+05,4.386700000000000000e+04,3.704300000000000000e+04,0.000000000000000000e+00,0.000000000000000000e+00,2.540000000000000000e+02,2.000000000000000000e+00,6.363850000000000065e-06,5.535710000000000274e-07,2.500000000000000000e+02,5.292499999999999726e-06,5.524069999999999781e-07
1.620000000000000000e+05,4.386700000000000000e+04,3.741100000000000000e+04,0.000000000000000000e+00,0.000000000000000000e+00,2.270000000000000000e+02,2.000000000000000000e+00,6.351730000000000086e-06,5.604549999999999983e-07,2.250000000000000000e+02,5.325500000000000088e-06,5.591769999999999785e-07
1.640000000000000000e+05,5.296200000000000000e+04,3.784800000000000000e+04,0.000000000000000000e+00,0.000000000000000000e+00,2.090000000000000000e+02,1.000000000000000000e+00,7.486419999999999720e-06,5.650740000000000213e-07,2.070000000000000000e+02,5.376629999999999885e-06,5.637569999999999838e-07
1.660000000000000000e+05,5.296200000000000000e+04,3.828000000000000000e+04,0.000000000000000000e+00,0.000000000000000000e+00,2.740000000000000000e+02,2.000000000000000000e+00,7.516600000000000167e-06,5.650179999999999578e-07,2.580000000000000000e+02,5.442830000000000199e-06,5.635430000000000058e-07
1.680000000000000000e+05,5.296200000000000000e+04,3.874200000000000000e+04,0.000000000000000000e+00,0.000000000000000000e+00,2.400000000000000000e+02,2.000000000000000000e+00,7.535620000000000029e-06,5.749259999999999695e-07,2.240000000000000000e+02,5.501920000000000340e-06,5.733839999999999680e-07
1.700000000000000000e+05,5.296200000000000000e+04,3.926300000000000000e+04,0.000000000000000000e+00,0.000000000000000000e+00,1.990000000000000000e+02,1.000000000000000000e+00,7.562799999999999826e-06,5.792850000000000153e-07,1.910000000000000000e+02,5.581940000000000126e-06,5.778719999999999748e-07
1.720000000000000000e+05,5.296200000000000000e+04,3.987400000000000000e+04,0.000000000000000000e+00,0.000000000000000000e+00,2.190000000000000000e+02,1.000000000000000000e+00,7.591310000000000337e-06,5.860309999999999885e-07,2.170000000000000000e+02,5.680610000000000149e-06,5.844950000000000468e-07
1.740000000000000000e+05,5.296100000000000000e+04,4.053600000000000000e+04,0.000000000000000000e+00,1.000000000000000000e+00,2.420000000000000000e+02,1.000000000000000000e+00,7.620900000000000167e-06,5.901480000000000247e-07,2.360000000000000000e+02,5.790229999999999618e-06,5.884880000000000482e-07
1.760000000000000000e+05,5.296100000000000000e+04,4.143200000000000000e+04,0.000000000000000000e+00,1.000000000000000000e+00,2.420000000000000000e+02,2.000000000000000000e+00,7.643710000000000039e-06,5.976390000000000221e-07,2.320000000000000000e+02,5.938990000000000375e-06,5.960390000000000077e-07
1.780000000000000000e+05,5.296000000000000000e+04,4.265900000000000000e+04,0.000000000000000000e+00,2.000000000000000000e+00,2.410000000000000000e+02,2.000000000000000000e+00,7.661200000000000442e-06,6.087620000000000086e-07,2.310000000000000000e+02,6.144589999999999728e-06,6.073649999999999862e-07
1.800000000000000000e+05,5.296000000000000000e+04,4.396600000000000000e+04,0.000000000000000000e+00,2.000000000000000000e+00,2.810000000000000000e+02,2.000000000000000000e+00,7.670310000000000767e-06,6.201679999999999719e-07,2.710000000000000000e+02,6.348299999999999850e-06,6.191080000000000405e-07
1.820000000000000000e+05,5.296000000000000000e+04,4.431300000000000000e+04,0.000000000000000000e+00,2.000000000000000000e+00,2.710000000000000000e+02,1.000000000000000000e+00,7.667180000000000341e-06,6.340639999999999528e-07,2.650000000000000000e+02,6.375469999999999794e-06,6.331099999999999828e-07
1.840000000000000000e+05,5.295900000000000000e+04,4.465800000000000000e+04,0.000000000000000000e+00,3.000000000000000000e+00,3.140000000000000000e+02,2.000000000000000000e+00,7.658209999999999646e-06,6.429000000000000195e-07,3.080000000000000000e+02,6.405540000000000169e-06,6.419509999999999757e-07
1.860000000000000000e+05,5.295900000000000000e+04,4.495800000000000000e+04,0.000000000000000000e+00,3.000000000000000000e+00,3.070000000000000000e+02,2.000000000000000000e+00,7.649450000000000089e-06,6.473129999999999678e-07,3.050000000000000000e+02,6.422449999999999809e-06,6.462300000000000368e-07
1.880000000000000000e+05,5.295900000000000000e+04,4.530900000000000000e+04,0.000000000000000000e+00,3.000000000000000000e+00,3.150000000000000000e+02,2.000000000000000000e+00,7.646779999999999655e-06,6.511869999999999666e-07,3.110000000000000000e+02,6.455230000000000027e-06,6.496839999999999828e-07
1.900000000000000000e+05,5.295800000000000000e+04,4.565700000000000000e+04,0.000000000000000000e+00,4.000000000000000000e+00,3.340000000000000000e+02,2.000000000000000000e+00,7.641240000000000044e-06,6.571289999999999810e-07,3.300000000000000000e+02,6.483580000000000357e-06,6.556690000000000196e-07
1.920000000000000000e+05,5.295800000000000000e+04,4.601100000000000000e+04,0.000000000000000000e+00,4.000000000000000000e+00,3.340000000000000000e+02,2.000000000000000000e+00,7.634819999999999858e-06,6.615150000000000310e-07,3.340000000000000000e+02,6.512870000000000376e-06,6.595010000000000237e-07
1.940000000000000000e+05,5.295700000000000000e+04,4.636200000000000000e+04,0.000000000000000000e+00,5.000000000000000000e+00,3.330000000000000000e+02,2.000000000000000000e+00,7.624649999999999920e-06,6.682519999999999675e-07,3.290000000000000000e+02,6.528479999999999707e-06,6.655719999999999991e-07
1.960000000000000000e+05,5.295600000000000000e+04,4.672600000000000000e+04,0.000000000000000000e+00,6.000000000000000000e+00,3.540000000000000000e+02,2.000000000000000000e+00,7.626870000000000214e-06,6.681679999999999782e-07,3.540000000000000000e+02,6.568530000000000280e-06,6.653489999999999845e-07
1.980000000000000000e+05,6.180800000000000000e+04,4.710800000000000000e+04,0.000000000000000000e+00,8.000000000000000000e+00,3.400000000000000000e+02,1.000000000000000000e+00,8.749990000000000228e-06,6.719360000000000156e-07,3.320000000000000000e+02,6.600350000000000257e-06,6.684439999999999735e-07
2.000000000000000000e+05,6.180700000000000000e+04,4.751600000000000000e+04,0.000000000000000000e+00,9.000000000000000000e+00,2.960000000000000000e+02,2.000000000000000000e+00,8.778930000000000327e-06,6.750850000000000129e-07,2.880000000000000000e+02,6.653739999999999758e-06,6.710989999999999930e-07
2.020000000000000000e+05,6.296400000000000000e+04,4.795500000000000000e+04,0.000000000000000000e+00,1.300000000000000000e+01,3.370000000000000000e+02,2.000000000000000000e+00,8.953249999999999363e-06,6.775919999999999704e-07,3.310000000000000000e+02,6.703630000000000054e-06,6.723970000000000354e-07
2.040000000000000000e+05,6.296200000000000000e+04,4.852400000000000000e+04,0.000000000000000000e+00,1.500000000000000000e+01,3.510000000000000000e+02,2.000000000000000000e+00,8.985960000000000613e-06,6.826829999999999993e-07,3.390000000000000000e+02,6.786680000000000047e-06,6.767730000000000211e-07
2.060000000000000000e+05,6.295500000000000000e+04,4.913800000000000000e+04,0.000000000000000000e+00,2.200000000000000000e+01,2.520000000000000000e+02,2.000000000000000000e+00,9.014480000000000130e-06,6.885870000000000236e-07,2.520000000000000000e+02,6.881689999999999837e-06,6.820909999999999633e-07
2.080000000000000000e+05,6.294900000000000000e+04,4.993900000000000000e+04,0.000000000000000000e+00,2.800000000000000000e+01,3.270000000000000000e+02,1.000000000000000000e+00,9.041129999999999273e-06,6.969260000000000296e-07,3.180000000000000000e+02,7.004609999999999670e-06,6.892200000000000266e-07
2.100000000000000000e+05,6.294500000000000000e+04,5.100400000000000000e+04,0.000000000000000000e+00,3.200000000000000000e+01,3.190000000000000000e+02,2.000000000000000000e+00,9.062569999999999868e-06,7.029849999999999914e-07,3.190000000000000000e+02,7.169999999999999961e-06,6.942699999999999825e-07
2.120000000000000000e+05,6.293500000000000000e+04,5.238700000000000000e+04,0.000000000000000000e+00,4.200000000000000000e+01,3.330000000000000000e+02,2.000000000000000000e+00,9.078240000000000007e-06,7.080709999999999881e-07,3.310000000000000000e+02,7.397070000000000313e-06,6.985750000000000201e-07
2.140000000000000000e+05,6.292600000000000000e+04,5.293800000000000000e+04,0.000000000000000000e+00,5.100000000000000000e+01,3.570000000000000000e+02,2.000000000000000000e+00,9.080520000000000263e-06,7.231120000000000233e-07,3.530000000000000000e+02,7.456070000000000087e-06,7.126999999999999695e-07
2.160000000000000000e+05,6.291100000000000000e+04,5.324800000000000000e+04,0.000000000000000000e+00,6.600000000000000000e+01,3.650000000000000000e+02,1.000000000000000000e+00,9.064209999999999398e-06,7.350689999999999497e-07,3.610000000000000000e+02,7.466299999999999988e-06,7.229510000000000261e-07
2.180000000000000000e+05,6.288800000000000000e+04,5.358200000000000000e+04,0.000000000000000000e+00,8.900000000000000000e+01,3.850000000000000000e+02,2.000000000000000000e+00,9.039230000000000190e-06,7.471240000000000401e-07,3.830000000000000000e+02,7.472179999999999667e-06,7.340430000000000039e-07
2.200000000000000000e+05,6.285300000000000000e+04,5.392200000000000000e+04,0.000000000000000000e+00,1.240000000000000000e+02,3.650000000000000000e+02,3.000000000000000000e+00,9.011439999999999224e-06,7.520649999999999518e-07,3.550000000000000000e+02,7.494389999999999917e-06,7.384510000000000259e-07
2.220000000000000000e+05,6.281500000000000000e+04,5.425000000000000000e+04,0.000000000000000000e+00,1.620000000000000000e+02,3.040000000000000000e+02,2.000000000000000000e+00,8.985269999999999778e-06,7.561720000000000295e-07,3.040000000000000000e+02,7.516689999999999686e-06,7.415510000000000470e-07
2.240000000000000000e+05,6.278500000000000000e+04,5.463000000000000000e+04,0.000000000000000000e+00,1.920000000000000000e+02,3.730000000000000000e+02,2.000000000000000000e+00,8.968939999999999207e-06,7.583810000000000197e-07,3.690000000000000000e+02,7.550219999999999855e-06,7.429639999999999817e-07
2.260000000000000000e+05,6.276200000000000000e+04,5.501000000000000000e+04,0.000000000000000000e+00,2.150000000000000000e+02,3.970000000000000000e+02,2.000000000000000000e+00,8.955930000000000496e-06,7.592170000000000148e-07,3.890000000000000000e+02,7.582399999999999604e-06,7.434319999999999830e-07
2.280000000000000000e+05,6.274600000000000000e+04,5.537400000000000000e+04,0.000000000000000000e+00,2.310000000000000000e+02,3.700000000000000000e+02,2.000000000000000000e+00,8.944199999999999847e-06,7.653170000000000495e-07,3.660000000000000000e+02,7.611760000000000285e-06,7.475519999999999960e-07
2.300000000000000000e+05,6.272900000000000000e+04,5.582300000000000000e+04,0.000000000000000000e+00,2.480000000000000000e+02,3.500000000000000000e+02,2.000000000000000000e+00,8.937389999999999484e-06,7.678689999999999787e-07,3.470000000000000000e+02,7.662399999999999685e-06,7.493870000000000386e-07
2.320000000000000000e+05,6.270800000000000000e+04,5.627600000000000000e+04,0.000000000000000000e+00,2.690000000000000000e+02,3.680000000000000000e+02,2.000000000000000000e+00,8.926870000000000472e-06,7.689659999999999785e-07,3.680000000000000000e+02,7.718899999999999907e-06,7.489579999999999492e-07
2.340000000000000000e+05,7.150100000000000000e+04,5.679000000000000000e+04,0.000000000000000000e+00,2.930000000000000000e+02,4.100000000000000000e+02,2.000000000000000000e+00,1.003620000000000057e-05,7.708740000000000245e-07,4.000000000000000000e+02,7.789770000000000805e-06,7.494689999999999728e-07
2.360000000000000000e+05,7.147500000000000000e+04,5.735000000000000000e+04,0.000000000000000000e+00,3.190000000000000000e+02,3.990000000000000000e+02,1.000000000000000000e+00,1.005279999999999970e-05,7.684869999999999912e-07,3.850000000000000000e+02,7.872150000000000515e-06,7.467280000000000146e-07
2.380000000000000000e+05,7.145900000000000000e+04,5.796000000000000000e+04,0.000000000000000000e+00,3.350000000000000000e+02,3.370000000000000000e+02,2.000000000000000000e+00,1.007880000000000081e-05,7.702380000000000444e-07,3.270000000000000000e+02,7.964279999999999580e-06,7.473430000000000502e-07
2.400000000000000000e+05,7.144000000000000000e+04,5.869600000000000000e+04,0.000000000000000000e+00,3.540000000000000000e+02,3.950000000000000000e+02,2.000000000000000000e+00,1.009989999999999964e-05,7.743270000000000488e-07,3.850000000000000000e+02,8.076209999999999710e-06,7.502310000000000427e-07
2.420000000000000000e+05,7.142200000000000000e+04,5.963500000000000000e+04,0.000000000000000000e+00,3.720000000000000000e+02,3.920000000000000000e+02,2.000000000000000000e+00,1.011650000000000046e-05,7.813739999999999663e-07,3.820000000000000000e+02,8.223800000000000782e-06,7.555409999999999758e-07
2.440000000000000000e+05,7.139600000000000000e+04,6.084900000000000000e+04,0.000000000000000000e+00,3.980000000000000000e+02,4.090000000000000000e+02,2.000000000000000000e+00,1.012280000000000073e-05,7.899180000000000195e-07,4.070000000000000000e+02,8.417480000000000594e-06,7.632530000000000385e-07
2.460000000000000000e+05,7.136800000000000000e+04,6.173700000000000000e+04,0.000000000000000000e+00,4.260000000000000000e+02,3.900000000000000000e+02,2.000000000000000000e+00,1.012149999999999957e-05,7.938369999999999899e-07,3.860000000000000000e+02,8.546890000000000428e-06,7.676910000000000416e-07
2.480000000000000000e+05,7.133700000000000000e+04,6.199700000000000000e+04,0.000000000000000000e+00,4.570000000000000000e+02,3.860000000000000000e+02,2.000000000000000000e+00,1.010369999999999950e-05,8.019700000000000271e-07,3.780000000000000000e+02,8.551109999999999178e-06,7.762759999999999560e-07
2.500000000000000000e+05,7.130600000000000000e+04,6.223400000000000000e+04,0.000000000000000000e+00,4.880000000000000000e+02,4.360000000000000000e+02,1.000000000000000000e+00,1.007860000000000037e-05,8.101379999999999716e-07,4.320000000000000000e+02,8.546090000000000368e-06,7.813929999999999614e-07
2.520000000000000000e+05,7.127200000000000000e+04,6.246900000000000000e+04,0.000000000000000000e+00,5.220000000000000000e+02,4.270000000000000000e+02,2.000000000000000000e+00,1.005589999999999972e-05,8.158119999999999998e-07,4.230000000000000000e+02,8.543400000000000229e-06,7.860339999999999564e-07
2.540000000000000000e+05,7.124100000000000000e+04,6.271900000000000000e+04,0.000000000000000000e+00,5.530000000000000000e+02,4.420000000000000000e+02,2.000000000000000000e+00,1.003860000000000075e-05,8.131269999999999992e-07,4.380000000000000000e+02,8.548970000000000245e-06,7.816739999999999888e-07
2.560000000000000000e+05,7.120500000000000000e+04,6.297800000000000000e+04,0.000000000000000000e+00,5.890000000000000000e+02,4.440000000000000000e+02,2.000000000000000000e+00,1.002440000000000011e-05,8.094169999999999746e-07,4.400000000000000000e+02,8.563550000000000366e-06,7.775579999999999803e-07
2.580000000000000000e+05,7.118500000000000000e+04,6.321600000000000000e+04,0.000000000000000000e+00,6.090000000000000000e+02,5.200000000000000000e+02,2.000000000000000000e+00,1.002349999999999983e-05,8.086750000000000332e-07,5.160000000000000000e+02,8.570790000000000317e-06,7.749679999999999551e-07
2.600000000000000000e+05,7.114700000000000000e+04,6.351400000000000000e+04,0.000000000000000000e+00,6.470000000000000000e+02,4.220000000000000000e+02,2.000000000000000000e+00,1.001409999999999955e-05,8.076869999999999717e-07,4.190000000000000000e+02,8.597079999999999688e-06,7.725169999999999552e-07
2.620000000000000000e+05,7.111800000000000000e+04,6.378000000000000000e+04,0.000000000000000000e+00,6.760000000000000000e+02,4.180000000000000000e+02,2.000000000000000000e+00,1.000670000000000026e-05,8.079589999999999625e-07,4.150000000000000000e+02,8.609510000000000177e-06,7.717879999999999491e-07
2.640000000000000000e+05,7.108800000000000000e+04,6.409200000000000000e+04,0.000000000000000000e+00,7.060000000000000000e+02,4.480000000000000000e+02,2.000000000000000000e+00,1.000600000000000042e-05,8.066939999999999839e-07,4.460000000000000000e+02,8.635380000000000660e-06,7.708430000000000158e-07
2.660000000000000000e+05,7.996100000000000000e+04,6.440700000000000000e+04,0.000000000000000000e+00,7.430000000000000000e+02,3.810000000000000000e+02,2.000000000000000000e+00,1.112400000000000056e-05,8.047670000000000488e-07,3.730000000000000000e+02,8.676049999999999713e-06,7.694120000000000078e-07
2.680000000000000000e+05,7.991900000000000000e+04,6.475800000000000000e+04,0.000000000000000000e+00,7.850000000000000000e+02,3.990000000000000000e+02,2.000000000000000000e+00,1.114480000000000043e-05,8.062000000000000061e-07,3.850000000000000000e+02,8.715569999999999633e-06,7.705269999999999751e-07
2.700000000000000000e+05,7.987800000000000000e+04,6.513300000000000000e+04,0.000000000000000000e+00,8.260000000000000000e+02,4.170000000000000000e+02,2.000000000000000000e+00,1.116609999999999970e-05,8.066570000000000214e-07,4.090000000000000000e+02,8.767249999999999788e-06,7.687319999999999779e-07
2.720000000000000000e+05,7.984800000000000000e+04,6.556700000000000000e+04,0.000000000000000000e+00,8.560000000000000000e+02,4.580000000000000000e+02,2.000000000000000000e+00,1.119529999999999935e-05,8.066120000000000497e-07,4.480000000000000000e+02,8.818230000000000103e-06,7.688849999999999661e-07
2.740000000000000000e+05,7.980300000000000000e+04,6.604100000000000000e+04,0.000000000000000000e+00,9.010000000000000000e+02,4.100000000000000000e+02,2.000000000000000000e+00,1.121489999999999998e-05,8.103329999999999545e-07,4.040000000000000000e+02,8.883860000000000354e-06,7.714570000000000238e-07
2.760000000000000000e+05,7.976200000000000000e+04,6.655500000000000000e+04,0.000000000000000000e+00,9.420000000000000000e+02,4.580000000000000000e+02,2.000000000000000000e+00,1.123670000000000034e-05,8.097969999999999820e-07,4.500000000000000000e+02,8.952370000000000482e-06,7.702750000000000070e-07
2.780000000000000000e+05,7.971200000000000000e+04,6.730500000000000000e+04,0.000000000000000000e+00,9.920000000000000000e+02,4.800000000000000000e+02,2.000000000000000000e+00,1.125469999999999916e-05,8.112630000000000032e-07,4.660000000000000000e+02,9.062179999999999690e-06,7.722339999999999784e-07
2.800000000000000000e+05,7.967400000000000000e+04,6.837600000000000000e+04,0.000000000000000000e+00,1.030000000000000000e+03,4.730000000000000000e+02,2.000000000000000000e+00,1.126349999999999982e-05,8.209629999999999908e-07,4.670000000000000000e+02,9.220819999999999581e-06,7.817609999999999551e-07
2.820000000000000000e+05,7.961800000000000000e+04,6.948900000000000000e+04,0.000000000000000000e+00,1.086000000000000000e+03,4.790000000000000000e+02,2.000000000000000000e+00,1.124779999999999927e-05,8.325689999999999691e-07,4.690000000000000000e+02,9.372539999999999883e-06,7.925899999999999788e-07
2.840000000000000000e+05,7.956400000000000000e+04,6.972100000000000000e+04,0.000000000000000000e+00,1.140000000000000000e+03,5.110000000000000000e+02,2.000000000000000000e+00,1.123040000000000008e-05,8.393819999999999918e-07,4.990000000000000000e+02,9.365589999999999891e-06,7.991379999999999922e-07
2.860000000000000000e+05,7.950700000000000000e+04,6.992400000000000000e+04,0.000000000000000000e+00,1.197000000000000000e+03,5.460000000000000000e+02,2.000000000000000000e+00,1.119459999999999951e-05,8.481029999999999545e-07,5.420000000000000000e+02,9.342710000000000204e-06,8.078810000000000328e-07
2.880000000000000000e+05,7.943000000000000000e+04,7.012800000000000000e+04,0.000000000000000000e+00,1.274000000000000000e+03,5.200000000000000000e+02,2.000000000000000000e+00,1.115679999999999964e-05,8.473219999999999954e-07,5.100000000000000000e+02,9.326610000000000477e-06,8.067479999999999922e-07
2.900000000000000000e+05,7.935000000000000000e+04,7.035700000000000000e+04,0.000000000000000000e+00,1.354000000000000000e+03,5.420000000000000000e+02,2.000000000000000000e+00,1.111920000000000020e-05,8.485979999999999600e-07,5.280000000000000000e+02,9.313129999999999380e-06,8.070609999999999501e-07
2.920000000000000000e+05,7.927700000000000000e+04,7.058800000000000000e+04,0.000000000000000000e+00,1.427000000000000000e+03,5.980000000000000000e+02,2.000000000000000000e+00,1.108920000000000049e-05,8.450020000000000117e-07,5.880000000000000000e+02,9.308099999999999870e-06,8.023660000000000526e-07
2.940000000000000000e+05,7.920600000000000000e+04,7.082400000000000000e+04,0.000000000000000000e+00,1.498000000000000000e+03,4.990000000000000000e+02,2.000000000000000000e+00,1.107479999999999940e-05,8.423039999999999699e-07,4.950000000000000000e+02,9.317970000000000845e-06,7.988919999999999780e-07
2.960000000000000000e+05,7.913400000000000000e+04,7.106700000000000000e+04,0.000000000000000000e+00,1.570000000000000000e+03,5.540000000000000000e+02,2.000000000000000000e+00,1.106559999999999956e-05,8.432610000000000228e-07,5.460000000000000000e+02,9.336019999999999765e-06,7.979489999999999939e-07
2.980000000000000000e+05,7.905300000000000000e+04,7.135100000000000000e+04,0.000000000000000000e+00,1.651000000000000000e+03,5.770000000000000000e+02,2.000000000000000000e+00,1.106159999999999926e-05,8.384329999999999480e-07,5.730000000000000000e+02,9.370810000000000833e-06,7.923359999999999555e-07
3.000000000000000000e+05,8.748900000000000000e+04,7.165800000000000000e+04,0.000000000000000000e+00,1.735000000000000000e+03,5.320000000000000000e+02,2.000000000000000000e+00,1.212740000000000013e-05,8.329320000000000366e-07,5.200000000000000000e+02,9.408589999999999309e-06,7.868620000000000483e-07
3.020000000000000000e+05,8.738600000000000000e+04,7.193800000000000000e+04,0.000000000000000000e+00,1.838000000000000000e+03,5.200000000000000000e+02,2.000000000000000000e+00,1.213099999999999956e-05,8.317519999999999691e-07,5.020000000000000000e+02,9.436149999999999432e-06,7.849919999999999925e-07
3.040000000000000000e+05,8.727800000000000000e+04,7.223600000000000000e+04,0.000000000000000000e+00,1.946000000000000000e+03,4.890000000000000000e+02,2.000000000000000000e+00,1.213820000000000010e-05,8.296229999999999638e-07,4.770000000000000000e+02,9.473670000000000048e-06,7.825629999999999646e-07
3.060000000000000000e+05,8.715600000000000000e+04,7.264100000000000000e+04,0.000000000000000000e+00,2.068000000000000000e+03,4.520000000000000000e+02,2.000000000000000000e+00,1.213489999999999964e-05,8.263070000000000153e-07,4.460000000000000000e+02,9.534940000000000226e-06,7.795639999999999785e-07
3.080000000000000000e+05,8.704400000000000000e+04,7.310100000000000000e+04,0.000000000000000000e+00,2.180000000000000000e+03,4.830000000000000000e+02,2.000000000000000000e+00,1.214569999999999960e-05,8.275589999999999527e-07,4.690000000000000000e+02,9.605449999999999657e-06,7.798640000000000011e-07
3.100000000000000000e+05,8.693300000000000000e+04,7.377400000000000000e+04,0.000000000000000000e+00,2.291000000000000000e+03,4.910000000000000000e+02,2.000000000000000000e+00,1.214520000000000020e-05,8.327309999999999940e-07,4.710000000000000000e+02,9.707530000000000211e-06,7.830290000000000165e-07
3.120000000000000000e+05,8.683300000000000000e+04,7.475100000000000000e+04,0.000000000000000000e+00,2.391000000000000000e+03,5.260000000000000000e+02,2.000000000000000000e+00,1.214489999999999954e-05,8.358170000000000522e-07,5.020000000000000000e+02,9.858180000000000201e-06,7.861679999999999495e-07
3.140000000000000000e+05,8.673400000000000000e+04,7.600400000000000000e+04,0.000000000000000000e+00,2.490000000000000000e+03,4.770000000000000000e+02,2.000000000000000000e+00,1.213820000000000010e-05,8.426569999999999731e-07,4.730000000000000000e+02,1.006259999999999917e-05,7.941819999999999841e-07
3.160000000000000000e+05,8.663500000000000000e+04,7.639200000000000000e+04,0.000000000000000000e+00,2.589000000000000000e+03,5.560000000000000000e+02,2.000000000000000000e+00,1.212079999999999922e-05,8.528559999999999707e-07,5.440000000000000000e+02,1.008889999999999924e-05,8.036399999999999620e-07
3.180000000000000000e+05,8.654200000000000000e+04,7.653500000000000000e+04,0.000000000000000000e+00,2.682000000000000000e+03,5.880000000000000000e+02,2.000000000000000000e+00,1.208479999999999990e-05,8.626420000000000029e-07,5.820000000000000000e+02,1.006620000000000029e-05,8.131789999999999523e-07
3.200000000000000000e+05,8.643100000000000000e+04,7.668900000000000000e+04,0.000000000000000000e+00,2.793000000000000000e+03,6.040000000000000000e+02,2.000000000000000000e+00,1.204860000000000014e-05,8.626299999999999893e-07,5.980000000000000000e+02,1.005140000000000002e-05,8.135960000000000281e-07
3.220000000000000000e+05,8.630800000000000000e+04,7.688700000000000000e+04,0.000000000000000000e+00,2.916000000000000000e+03,6.110000000000000000e+02,2.000000000000000000e+00,1.201429999999999947e-05,8.600570000000000098e-07,6.030000000000000000e+02,1.005129999999999980e-05,8.107270000000000307e-07
3.240000000000000000e+05,8.619200000000000000e+04,7.704300000000000000e+04,0.000000000000000000e+00,3.032000000000000000e+03,5.630000000000000000e+02,2.000000000000000000e+00,1.198290000000000008e-05,8.615129999999999668e-07,5.570000000000000000e+02,1.003630000000000079e-05,8.114389999999999910e-07
3.260000000000000000e+05,8.606900000000000000e+04,7.722700000000000000e+04,0.000000000000000000e+00,3.155000000000000000e+03,5.730000000000000000e+02,2.000000000000000000e+00,1.194929999999999925e-05,8.616120000000000525e-07,5.670000000000000000e+02,1.003099999999999934e-05,8.105040000000000160e-07
3.280000000000000000e+05,8.594400000000000000e+04,7.740000000000000000e+04,0.000000000000000000e+00,3.280000000000000000e+03,6.320000000000000000e+02,2.000000000000000000e+00,1.191960000000000019e-05,8.604119999999999624e-07,6.200000000000000000e+02,1.003359999999999995e-05,8.100210000000000242e-07
3.300000000000000000e+05,8.583900000000000000e+04,7.762200000000000000e+04,0.000000000000000000e+00,3.385000000000000000e+03,5.110000000000000000e+02,2.000000000000000000e+00,1.189950000000000017e-05,8.551220000000000520e-07,4.970000000000000000e+02,1.005010000000000056e-05,8.028600000000000304e-07
3.320000000000000000e+05,9.403900000000000000e+04,7.786000000000000000e+04,0.000000000000000000e+00,3.510000000000000000e+03,6.060000000000000000e+02,2.000000000000000000e+00,1.291880000000000072e-05,8.534159999999999704e-07,5.940000000000000000e+02,1.006460000000000017e-05,8.000729999999999672e-07
3.340000000000000000e+05,9.391000000000000000e+04,7.808400000000000000e+04,0.000000000000000000e+00,3.639000000000000000e+03,6.240000000000000000e+02,2.000000000000000000e+00,1.291829999999999963e-05,8.517190000000000314e-07,6.140000000000000000e+02,1.007899999999999955e-05,7.964320000000000473e-07
3.360000000000000000e+05,9.376500000000000000e+04,7.831600000000000000e+04,0.000000000000000000e+00,3.784000000000000000e+03,5.830000000000000000e+02,2.000000000000000000e+00,1.291190000000000084e-05,8.520199999999999757e-07,5.690000000000000000e+02,1.009420000000000070e-05,7.963339999999999891e-07
3.380000000000000000e+05,9.359400000000000000e+04,7.863700000000000000e+04,0.000000000000000000e+00,3.955000000000000000e+03,5.660000000000000000e+02,2.000000000000000000e+00,1.289359999999999968e-05,8.483740000000000236e-07,5.580000000000000000e+02,1.013319999999999981e-05,7.920700000000000245e-07
3.400000000000000000e+05,9.344000000000000000e+04,7.901000000000000000e+04,0.000000000000000000e+00,4.109000000000000000e+03,5.530000000000000000e+02,2.000000000000000000e+00,1.288499999999999945e-05,8.504070000000000260e-07,5.330000000000000000e+02,1.017859999999999941e-05,7.924350000000000413e-07
3.420000000000000000e+05,9.329300000000000000e+04,7.943800000000000000e+04,0.000000000000000000e+00,4.256000000000000000e+03,5.380000000000000000e+02,2.000000000000000000e+00,1.287850000000000045e-05,8.488120000000000438e-07,5.260000000000000000e+02,1.023310000000000033e-05,7.894730000000000178e-07
3.440000000000000000e+05,9.312800000000000000e+04,8.015900000000000000e+04,0.000000000000000000e+00,4.421000000000000000e+03,5.250000000000000000e+02,2.000000000000000000e+00,1.286300000000000034e-05,8.521600000000000285e-07,5.130000000000000000e+02,1.033639999999999983e-05,7.908859999999999525e-07
3.460000000000000000e+05,9.298200000000000000e+04,8.123900000000000000e+04,0.000000000000000000e+00,4.567000000000000000e+03,5.770000000000000000e+02,2.000000000000000000e+00,1.285370000000000028e-05,8.527569999999999908e-07,5.710000000000000000e+02,1.050670000000000056e-05,7.923829999999999823e-07
3.480000000000000000e+05,9.285200000000000000e+04,8.192800000000000000e+04,0.000000000000000000e+00,4.697000000000000000e+03,5.980000000000000000e+02,2.000000000000000000e+00,1.283629999999999940e-05,8.567900000000000376e-07,5.880000000000000000e+02,1.058959999999999937e-05,7.953730000000000376e-07
3.500000000000000000e+05,9.267800000000000000e+04,8.196900000000000000e+04,0.000000000000000000e+00,4.871000000000000000e+03,6.320000000000000000e+02,2.000000000000000000e+00,1.278270000000000045e-05,8.610259999999999704e-07,6.200000000000000000e+02,1.055150000000000054e-05,7.991000000000000021e-07
3.520000000000000000e+05,9.254700000000000000e+04,8.200900000000000000e+04,0.000000000000000000e+00,5.002000000000000000e+03,6.470000000000000000e+02,2.000000000000000000e+00,1.274250000000000039e-05,8.684829999999999822e-07,6.380000000000000000e+02,1.050040000000000030e-05,8.058259999999999526e-07
3.540000000000000000e+05,9.240200000000000000e+04,8.206800000000000000e+04,0.000000000000000000e+00,5.147000000000000000e+03,6.530000000000000000e+02,2.000000000000000000e+00,1.270739999999999966e-05,8.675049999999999849e-07,6.430000000000000000e+02,1.047219999999999945e-05,8.038559999999999952e-07
3.560000000000000000e+05,9.226700000000000000e+04,8.217300000000000000e+04,0.000000000000000000e+00,5.282000000000000000e+03,7.020000000000000000e+02,2.000000000000000000e+00,1.266930000000000082e-05,8.696949999999999801e-07,6.900000000000000000e+02,1.044519999999999954e-05,8.052120000000000504e-07
3.580000000000000000e+05,9.211900000000000000e+04,8.227600000000000000e+04,0.000000000000000000e+00,5.430000000000000000e+03,6.850000000000000000e+02,2.000000000000000000e+00,1.262949999999999995e-05,8.681949999999999733e-07,6.710000000000000000e+02,1.042080000000000025e-05,8.033719999999999757e-07
3.600000000000000000e+05,9.196300000000000000e+04,8.236800000000000000e+04,0.000000000000000000e+00,5.586000000000000000e+03,6.400000000000000000e+02,2.000000000000000000e+00,1.258699999999999994e-05,8.649410000000000422e-07,6.320000000000000000e+02,1.039979999999999994e-05,8.000739999999999948e-07
3.620000000000000000e+05,9.181900000000000000e+04,8.248100000000000000e+04,0.000000000000000000e+00,5.730000000000000000e+03,6.440000000000000000e+02,2.000000000000000000e+00,1.255289999999999970e-05,8.618830000000000157e-07,6.330000000000000000e+02,1.038659999999999979e-05,7.966960000000000290e-07
3.640000000000000000e+05,1.004870000000000000e+05,8.260700000000000000e+04,0.000000000000000000e+00,5.880000000000000000e+03,7.060000000000000000e+02,2.000000000000000000e+00,1.363240000000000012e-05,8.580459999999999795e-07,6.930000000000000000e+02,1.038850000000000057e-05,7.915049999999999926e-07
3.660000000000000000e+05,1.003170000000000000e+05,8.270600000000000000e+04,0.000000000000000000e+00,6.050000000000000000e+03,5.960000000000000000e+02,2.000000000000000000e+00,1.361289999999999972e-05,8.548049999999999837e-07,5.860000000000000000e+02,1.037130000000000013e-05,7.886629999999999993e-07
3.680000000000000000e+05,1.001450000000000000e+05,8.287300000000000000e+04,0.000000000000000000e+00,6.222000000000000000e+03,6.210000000000000000e+02,2.000000000000000000e+00,1.360119999999999947e-05,8.513550000000000422e-07,5.970000000000000000e+02,1.037440000000000015e-05,7.856439999999999906e-07
3.700000000000000000e+05,9.995200000000000000e+04,8.307900000000000000e+04,0.000000000000000000e+00,6.415000000000000000e+03,6.330000000000000000e+02,2.000000000000000000e+00,1.358589999999999981e-05,8.517979999999999886e-07,6.070000000000000000e+02,1.038559999999999929e-05,7.859900000000000124e-07
3.720000000000000000e+05,9.977500000000000000e+04,8.332400000000000000e+04,0.000000000000000000e+00,6.592000000000000000e+03,6.540000000000000000e+02,3.000000000000000000e+00,1.357569999999999946e-05,8.493250000000000167e-07,6.330000000000000000e+02,1.041029999999999924e-05,7.833400000000000251e-07
3.740000000000000000e+05,9.959200000000000000e+04,8.368300000000000000e+04,0.000000000000000000e+00,6.775000000000000000e+03,6.580000000000000000e+02,2.000000000000000000e+00,1.356559999999999934e-05,8.451189999999999591e-07,6.380000000000000000e+02,1.045570000000000054e-05,7.787950000000000330e-07
3.760000000000000000e+05,9.940300000000000000e+04,8.423400000000000000e+04,0.000000000000000000e+00,6.964000000000000000e+03,6.380000000000000000e+02,2.000000000000000000e+00,1.354150000000000071e-05,8.504849999999999556e-07,6.240000000000000000e+02,1.053140000000000051e-05,7.846759999999999518e-07
3.780000000000000000e+05,9.922300000000000000e+04,8.512200000000000000e+04,0.000000000000000000e+00,7.144000000000000000e+03,6.680000000000000000e+02,2.000000000000000000e+00,1.352290000000000058e-05,8.501949999999999974e-07,6.480000000000000000e+02,1.067249999999999988e-05,7.833909999999999505e-07
3.800000000000000000e+05,9.898900000000000000e+04,8.609300000000000000e+04,0.000000000000000000e+00,7.378000000000000000e+03,6.760000000000000000e+02,2.000000000000000000e+00,1.348040000000000056e-05,8.492570000000000455e-07,6.660000000000000000e+02,1.082330000000000020e-05,7.827190000000000356e-07
3.820000000000000000e+05,9.876900000000000000e+04,8.613800000000000000e+04,0.000000000000000000e+00,7.598000000000000000e+03,7.300000000000000000e+02,3.000000000000000000e+00,1.342160000000000038e-05,8.580909999999999511e-07,7.120000000000000000e+02,1.078870000000000057e-05,7.910960000000000318e-07
3.840000000000000000e+05,9.855000000000000000e+04,8.616700000000000000e+04,0.000000000000000000e+00,7.817000000000000000e+03,7.030000000000000000e+02,2.000000000000000000e+00,1.335370000000000057e-05,8.593560000000000355e-07,6.830000000000000000e+02,1.074899999999999991e-05,7.926699999999999637e-07
3.860000000000000000e+05,9.834400000000000000e+04,8.623100000000000000e+04,0.000000000000000000e+00,8.023000000000000000e+03,6.920000000000000000e+02,2.000000000000000000e+00,1.329880000000000047e-05,8.615399999999999709e-07,6.760000000000000000e+02,1.072039999999999988e-05,7.954190000000000368e-07
3.880000000000000000e+05,9.814600000000000000e+04,8.624600000000000000e+04,0.000000000000000000e+00,8.221000000000000000e+03,6.540000000000000000e+02,2.000000000000000000e+00,1.325770000000000014e-05,8.587080000000000419e-07,6.310000000000000000e+02,1.069110000000000001e-05,7.920519999999999511e-07
3.900000000000000000e+05,9.794000000000000000e+04,8.633800000000000000e+04,0.000000000000000000e+00,8.427000000000000000e+03,6.730000000000000000e+02,2.000000000000000000e+00,1.321210000000000010e-05,8.567480000000000429e-07,6.560000000000000000e+02,1.067810000000000031e-05,7.916159999999999861e-07
3.920000000000000000e+05,9.772100000000000000e+04,8.638400000000000000e+04,0.000000000000000000e+00,8.646000000000000000e+03,6.710000000000000000e+02,2.000000000000000000e+00,1.316680000000000072e-05,8.524090000000000197e-07,6.570000000000000000e+02,1.066030000000000024e-05,7.866759999999999962e-07
3.940000000000000000e+05,9.748900000000000000e+04,8.646100000000000000e+04,0.000000000000000000e+00,8.878000000000000000e+03,7.170000000000000000e+02,2.000000000000000000e+00,1.311059999999999946e-05,8.495860000000000215e-07,7.030000000000000000e+02,1.064389999999999985e-05,7.841810000000000522e-07
3.960000000000000000e+05,9.726100000000000000e+04,8.652400000000000000e+04,0.000000000000000000e+00,9.106000000000000000e+03,7.230000000000000000e+02,2.000000000000000000e+00,1.306620000000000036e-05,8.414339999999999893e-07,7.110000000000000000e+02,1.062759999999999969e-05,7.757600000000000061e-07
3.980000000000000000e+05,1.056280000000000000e+05,8.666000000000000000e+04,0.000000000000000000e+00,9.348000000000000000e+03,6.530000000000000000e+02,2.000000000000000000e+00,1.410610000000000035e-05,8.365089999999999898e-07,6.180000000000000000e+02,1.063589999999999925e-05,7.696580000000000220e-07
4.000000000000000000e+05,1.053720000000000000e+05,8.679800000000000000e+04,0.000000000000000000e+00,9.604000000000000000e+03,7.250000000000000000e+02,2.000000000000000000e+00,1.408029999999999968e-05,8.320180000000000061e-07,7.050000000000000000e+02,1.064309999999999979e-05,7.639960000000000075e-07
4.020000000000000000e+05,1.051350000000000000e+05,8.688900000000000000e+04,0.000000000000000000e+00,9.841000000000000000e+03,6.350000000000000000e+02,2.000000000000000000e+00,1.405890000000000019e-05,8.301909999999999726e-07,6.230000000000000000e+02,1.064159999999999989e-05,7.620229999999999672e-07
4.040000000000000000e+05,1.049170000000000000e+05,8.710200000000000000e+04,0.000000000000000000e+00,1.005900000000000000e+04,7.150000000000000000e+02,2.000000000000000000e+00,1.403999999999999941e-05,8.299259999999999632e-07,6.910000000000000000e+02,1.065640000000000016e-05,7.616319999999999739e-07
4.060000000000000000e+05,1.046770000000000000e+05,8.740400000000000000e+04,0.000000000000000000e+00,1.029900000000000000e+04,7.600000000000000000e+02,2.000000000000000000e+00,1.401870000000000014e-05,8.290420000000000196e-07,7.500000000000000000e+02,1.069079999999999935e-05,7.612650000000000077e-07
4.080000000000000000e+05,1.044270000000000000e+05,8.782500000000000000e+04,0.000000000000000000e+00,1.054900000000000000e+04,7.440000000000000000e+02,2.000000000000000000e+00,1.399279999999999925e-05,8.265669999999999925e-07,7.190000000000000000e+02,1.074940000000000079e-05,7.588110000000000309e-07
4.100000000000000000e+05,1.042090000000000000e+05,8.855400000000000000e+04,0.000000000000000000e+00,1.076700000000000000e+04,7.340000000000000000e+02,2.000000000000000000e+00,1.397269999999999922e-05,8.263910000000000047e-07,7.180000000000000000e+02,1.085740000000000044e-05,7.582839999999999892e-07
4.120000000000000000e+05,1.039450000000000000e+05,8.966100000000000000e+04,0.000000000000000000e+00,1.103100000000000000e+04,7.680000000000000000e+02,3.000000000000000000e+00,1.392869999999999930e-05,8.275019999999999675e-07,7.420000000000000000e+02,1.102679999999999919e-05,7.601249999999999856e-07
4.140000000000000000e+05,1.036800000000000000e+05,8.993100000000000000e+04,0.000000000000000000e+00,1.129600000000000000e+04,7.140000000000000000e+02,2.000000000000000000e+00,1.387949999999999984e-05,8.307040000000000513e-07,6.900000000000000000e+02,1.103130000000000058e-05,7.634659999999999888e-07
4.160000000000000000e+05,1.034170000000000000e+05,8.990400000000000000e+04,0.000000000000000000e+00,1.155900000000000000e+04,7.920000000000000000e+02,3.000000000000000000e+00,1.381720000000000046e-05,8.360040000000000260e-07,7.600000000000000000e+02,1.097960000000000072e-05,7.703699999999999824e-07
4.180000000000000000e+05,1.031610000000000000e+05,8.985700000000000000e+04,0.000000000000000000e+00,1.181500000000000000e+04,8.390000000000000000e+02,2.000000000000000000e+00,1.375659999999999971e-05,8.398860000000000339e-07,8.070000000000000000e+02,1.092830000000000004e-05,7.739139999999999776e-07
4.200000000000000000e+05,1.028610000000000000e+05,8.982000000000000000e+04,0.000000000000000000e+00,1.211500000000000000e+04,7.540000000000000000e+02,2.000000000000000000e+00,1.369389999999999945e-05,8.332270000000000270e-07,7.310000000000000000e+02,1.089029999999999973e-05,7.685749999999999852e-07
4.220000000000000000e+05,1.025720000000000000e+05,8.981500000000000000e+04,0.000000000000000000e+00,1.240400000000000000e+04,8.010000000000000000e+02,3.000000000000000000e+00,1.362459999999999996e-05,8.309870000000000281e-07,7.690000000000000000e+02,1.085479999999999982e-05,7.671720000000000089e-07
4.240000000000000000e+05,1.022960000000000000e+05,8.979000000000000000e+04,0.000000000000000000e+00,1.268000000000000000e+04,7.480000000000000000e+02,2.000000000000000000e+00,1.356579999999999978e-05,8.301299999999999828e-07,7.340000000000000000e+02,1.082200000000000074e-05,7.657669999999999775e-07
4.260000000000000000e+05,1.020020000000000000e+05,8.981400000000000000e+04,0.000000000000000000e+00,1.297400000000000000e+04,7.780000000000000000e+02,3.000000000000000000e+00,1.350290000000000077e-05,8.243400000000000348e-07,7.480000000000000000e+02,1.079819999999999938e-05,7.598350000000000273e-07
4.280000000000000000e+05,1.017240000000000000e+05,8.979100000000000000e+04,0.000000000000000000e+00,1.325200000000000000e+04,8.050000000000000000e+02,3.000000000000000000e+00,1.344579999999999923e-05,8.223499999999999489e-07,7.820000000000000000e+02,1.076860000000000054e-05,7.576879999999999486e-07
4.300000000000000000e+05,1.101380000000000000e+05,8.981500000000000000e+04,0.000000000000000000e+00,1.355100000000000000e+04,7.160000000000000000e+02,2.000000000000000000e+00,1.449230000000000014e-05,8.166309999999999491e-07,6.960000000000000000e+02,1.075290000000000000e-05,7.525339999999999807e-07
4.320000000000000000e+05,1.098410000000000000e+05,8.989500000000000000e+04,0.000000000000000000e+00,1.384800000000000000e+04,8.300000000000000000e+02,3.000000000000000000e+00,1.446119999999999971e-05,8.115740000000000117e-07,8.060000000000000000e+02,1.074969999999999976e-05,7.471420000000000076e-07
4.340000000000000000e+05,1.095250000000000000e+05,8.996100000000000000e+04,0.000000000000000000e+00,1.416400000000000000e+04,7.160000000000000000e+02,2.000000000000000000e+00,1.441159999999999937e-05,8.114710000000000273e-07,6.850000000000000000e+02,1.073600000000000021e-05,7.477429999999999744e-07
4.360000000000000000e+05,1.092210000000000000e+05,9.007300000000000000e+04,0.000000000000000000e+00,1.446800000000000000e+04,7.390000000000000000e+02,2.000000000000000000e+00,1.437459999999999956e-05,8.075250000000000527e-07,7.090000000000000000e+02,1.074060000000000013e-05,7.445620000000000467e-07
4.380000000000000000e+05,1.089240000000000000e+05,9.026300000000000000e+04,0.000000000000000000e+00,1.476500000000000000e+04,7.580000000000000000e+02,4.000000000000000000e+00,1.433739999999999930e-05,8.066279999999999620e-07,7.340000000000000000e+02,1.075930000000000048e-05,7.441700000000000257e-07
4.400000000000000000e+05,1.086580000000000000e+05,9.055200000000000000e+04,0.000000000000000000e+00,1.503100000000000000e+04,7.770000000000000000e+02,2.000000000000000000e+00,1.431659999999999944e-05,8.052420000000000315e-07,7.530000000000000000e+02,1.079950000000000053e-05,7.433920000000000435e-07
4.420000000000000000e+05,1.083670000000000000e+05,9.105800000000000000e+04,0.000000000000000000e+00,1.532200000000000000e+04,7.880000000000000000e+02,3.000000000000000000e+00,1.427520000000000014e-05,8.070910000000000370e-07,7.630000000000000000e+02,1.087409999999999978e-05,7.448060000000000057e-07
4.440000000000000000e+05,1.080400000000000000e+05,9.187700000000000000e+04,0.000000000000000000e+00,1.564900000000000000e+04,8.200000000000000000e+02,2.000000000000000000e+00,1.422839999999999916e-05,8.076179999999999729e-07,7.990000000000000000e+02,1.100330000000000017e-05,7.462659999999999672e-07
4.460000000000000000e+05,1.077440000000000000e+05,9.256300000000000000e+04,0.000000000000000000e+00,1.594500000000000000e+04,8.330000000000000000e+02,3.000000000000000000e+00,1.417379999999999972e-05,8.139450000000000268e-07,7.900000000000000000e+02,1.109620000000000059e-05,7.526059999999999564e-07
4.480000000000000000e+05,1.074350000000000000e+05,9.250400000000000000e+04,0.000000000000000000e+00,1.625400000000000000e+04,7.760000000000000000e+02,2.000000000000000000e+00,1.410520000000000007e-05,8.208199999999999610e-07,7.480000000000000000e+02,1.105159999999999936e-05,7.594140000000000529e-07
4.500000000000000000e+05,1.071110000000000000e+05,9.244900000000000000e+04,0.000000000000000000e+00,1.657800000000000000e+04,8.400000000000000000e+02,2.000000000000000000e+00,1.402410000000000012e-05,8.264640000000000081e-07,8.090000000000000000e+02,1.100229999999999968e-05,7.652599999999999584e-07
4.520000000000000000e+05,1.067830000000000000e+05,9.238400000000000000e+04,0.000000000000000000e+00,1.690600000000000000e+04,8.560000000000000000e+02,2.000000000000000000e+00,1.395250000000000067e-05,8.211030000000000436e-07,8.120000000000000000e+02,1.096340000000000078e-05,7.605870000000000330e-07
4.540000000000000000e+05,1.064640000000000000e+05,9.234700000000000000e+04,0.000000000000000000e+00,1.722500000000000000e+04,8.600000000000000000e+02,2.000000000000000000e+00,1.388329999999999970e-05,8.209110000000000377e-07,8.260000000000000000e+02,1.092729999999999955e-05,7.614850000000000454e-07
4.560000000000000000e+05,1.061410000000000000e+05,9.227500000000000000e+04,0.000000000000000000e+00,1.754800000000000000e+04,7.760000000000000000e+02,2.000000000000000000e+00,1.380420000000000075e-05,8.181300000000000342e-07,7.580000000000000000e+02,1.088380000000000072e-05,7.585530000000000030e-07
4.580000000000000000e+05,1.058170000000000000e+05,9.223300000000000000e+04,0.000000000000000000e+00,1.787200000000000000e+04,8.170000000000000000e+02,2.000000000000000000e+00,1.373300000000000048e-05,8.168689999999999542e-07,7.900000000000000000e+02,1.084970000000000049e-05,7.573180000000000055e-07
4.600000000000000000e+05,1.054840000000000000e+05,9.219300000000000000e+04,0.000000000000000000e+00,1.820500000000000000e+04,7.950000000000000000e+02,2.000000000000000000e+00,1.366500000000000046e-05,8.119010000000000384e-07,7.680000000000000000e+02,1.082330000000000020e-05,7.516429999999999497e-07
4.620000000000000000e+05,1.141850000000000000e+05,9.215000000000000000e+04,0.000000000000000000e+00,1.853500000000000000e+04,8.170000000000000000e+02,2.000000000000000000e+00,1.473309999999999960e-05,8.091479999999999607e-07,7.850000000000000000e+02,1.080270000000000077e-05,7.491969999999999820e-07
4.640000000000000000e+05,1.138170000000000000e+05,9.217400000000000000e+04,0.000000000000000000e+00,1.890300000000000000e+04,8.270000000000000000e+02,2.000000000000000000e+00,1.468579999999999922e-05,8.050449999999999934e-07,7.810000000000000000e+02,1.079160000000000015e-05,7.456650000000000004e-07
4.660000000000000000e+05,1.134790000000000000e+05,9.222000000000000000e+04,0.000000000000000000e+00,1.924100000000000000e+04,8.390000000000000000e+02,2.000000000000000000e+00,1.465390000000000042e-05,8.030229999999999770e-07,7.830000000000000000e+02,1.079240000000000021e-05,7.433049999999999713e-07
4.680000000000000000e+05,1.131160000000000000e+05,9.226600000000000000e+04,0.000000000000000000e+00,1.960400000000000000e+04,7.830000000000000000e+02,2.000000000000000000e+00,1.460670000000000027e-05,7.996260000000000162e-07,7.530000000000000000e+02,1.079139999999999971e-05,7.396849999999999958e-07
4.700000000000000000e+05,1.127700000000000000e+05,9.238500000000000000e+04,0.000000000000000000e+00,1.995000000000000000e+04,8.080000000000000000e+02,2.000000000000000000e+00,1.456919999999999935e-05,7.980219999999999973e-07,7.720000000000000000e+02,1.080330000000000039e-05,7.389620000000000495e-07
4.720000000000000000e+05,1.124350000000000000e+05,9.262100000000000000e+04,0.000000000000000000e+00,2.028500000000000000e+04,8.400000000000000000e+02,3.000000000000000000e+00,1.453340000000000048e-05,7.954950000000000171e-07,7.960000000000000000e+02,1.083309999999999967e-05,7.364659999999999721e-07
4.740000000000000000e+05,1.120880000000000000e+05,9.301900000000000000e+04,0.000000000000000000e+00,2.063200000000000000e+04,8.220000000000000000e+02,2.000000000000000000e+00,1.449349999999999938e-05,7.937040000000000244e-07,7.840000000000000000e+02,1.088929999999999923e-05,7.353929999999999994e-07
4.760000000000000000e+05,1.117450000000000000e+05,9.372600000000000000e+04,0.000000000000000000e+00,2.097500000000000000e+04,8.350000000000000000e+02,2.000000000000000000e+00,1.444850000000000066e-05,7.953310000000000429e-07,8.110000000000000000e+02,1.100079999999999977e-05,7.369820000000000278e-07
4.780000000000000000e+05,1.114190000000000000e+05,9.465800000000000000e+04,0.000000000000000000e+00,2.130100000000000000e+04,8.350000000000000000e+02,3.000000000000000000e+00,1.440229999999999931e-05,7.990409999999999616e-07,8.090000000000000000e+02,1.114190000000000085e-05,7.411130000000000268e-07
4.800000000000000000e+05,1.110820000000000000e+05,9.465200000000000000e+04,0.000000000000000000e+00,2.163800000000000000e+04,8.790000000000000000e+02,2.000000000000000000e+00,1.434289999999999951e-05,8.058520000000000350e-07,8.410000000000000000e+02,1.111419999999999940e-05,7.476809999999999570e-07
4.820000000000000000e+05,1.107070000000000000e+05,9.458100000000000000e+04,0.000000000000000000e+00,2.201300000000000000e+04,9.520000000000000000e+02,3.000000000000000000e+00,1.425460000000000071e-05,8.165659999999999548e-07,9.270000000000000000e+02,1.105619999999999928e-05,7.584730000000000182e-07
4.840000000000000000e+05,1.103450000000000000e+05,9.449900000000000000e+04,0.000000000000000000e+00,2.237500000000000000e+04,9.400000000000000000e+02,2.000000000000000000e+00,1.416570000000000059e-05,8.194030000000000218e-07,9.140000000000000000e+02,1.099669999999999925e-05,7.619349999999999733e-07
4.860000000000000000e+05,1.100010000000000000e+05,9.443700000000000000e+04,0.000000000000000000e+00,2.271900000000000000e+04,9.750000000000000000e+02,2.000000000000000000e+00,1.409300000000000042e-05,8.163080000000000328e-07,9.360000000000000000e+02,1.095540000000000017e-05,7.588570000000000301e-07
4.880000000000000000e+05,1.096530000000000000e+05,9.438600000000000000e+04,0.000000000000000000e+00,2.306700000000000000e+04,9.190000000000000000e+02,2.000000000000000000e+00,1.402699999999999970e-05,8.109059999999999954e-07,8.900000000000000000e+02,1.091760000000000030e-05,7.534659999999999787e-07
4.900000000000000000e+05,1.093050000000000000e+05,9.430100000000000000e+04,0.000000000000000000e+00,2.341500000000000000e+04,8.210000000000000000e+02,2.000000000000000000e+00,1.395550000000000047e-05,8.104270000000000081e-07,7.850000000000000000e+02,1.086319999999999960e-05,7.538259999999999634e-07
4.920000000000000000e+05,1.089360000000000000e+05,9.425100000000000000e+04,0.000000000000000000e+00,2.378400000000000000e+04,8.930000000000000000e+02,3.000000000000000000e+00,1.388339999999999992e-05,8.082239999999999718e-07,8.610000000000000000e+02,1.082239999999999992e-05,7.516859999999999720e-07
4.940000000000000000e+05,1.085930000000000000e+05,9.421000000000000000e+04,0.000000000000000000e+00,2.412700000000000000e+04,9.020000000000000000e+02,3.000000000000000000e+00,1.381960000000000064e-05,8.029879999999999638e-07,8.580000000000000000e+02,1.078950000000000063e-05,7.463670000000000023e-07
4.960000000000000000e+05,1.169400000000000000e+05,9.419200000000000000e+04,0.000000000000000000e+00,2.449600000000000000e+04,9.500000000000000000e+02,3.000000000000000000e+00,1.486369999999999967e-05,7.962820000000000360e-07,9.160000000000000000e+02,1.077800000000000082e-05,7.393990000000000421e-07
4.980000000000000000e+05,1.165410000000000000e+05,9.417800000000000000e+04,0.000000000000000000e+00,2.489500000000000000e+04,9.400000000000000000e+02,2.000000000000000000e+00,1.481349999999999971e-05,7.951460000000000184e-07,8.820000000000000000e+02,1.075869999999999916e-05,7.384829999999999563e-07
5.000000000000000000e+05,1.161310000000000000e+05,9.423300000000000000e+04,0.000000000000000000e+00,2.530500000000000000e+04,8.190000000000000000e+02,2.000000000000000000e+00,1.476239999999999947e-05,7.927750000000000033e-07,7.620000000000000000e+02,1.076419999999999936e-05,7.361460000000000327e-07
5.020000000000000000e+05,1.157020000000000000e+05,9.434000000000000000e+04,0.000000000000000000e+00,2.573400000000000000e+04,9.420000000000000000e+02,3.000000000000000000e+00,1.470710000000000019e-05,7.878630000000000451e-07,8.900000000000000000e+02,1.077840000000000001e-05,7.317240000000000478e-07
5.040000000000000000e+05,1.152910000000000000e+05,9.450500000000000000e+04,0.000000000000000000e+00,2.614500000000000000e+04,8.290000000000000000e+02,2.000000000000000000e+00,1.466029999999999921e-05,7.857279999999999800e-07,7.910000000000000000e+02,1.080679999999999960e-05,7.300879999999999926e-07
5.060000000000000000e+05,1.148590000000000000e+05,9.489000000000000000e+04,0.000000000000000000e+00,2.657700000000000000e+04,8.900000000000000000e+02,2.000000000000000000e+00,1.460590000000000021e-05,7.855009999999999608e-07,8.420000000000000000e+02,1.087389999999999935e-05,7.300599999999999609e-07
5.080000000000000000e+05,1.144320000000000000e+05,9.555000000000000000e+04,0.000000000000000000e+00,2.700400000000000000e+04,8.390000000000000000e+02,3.000000000000000000e+00,1.454529999999999946e-05,7.873079999999999716e-07,8.050000000000000000e+02,1.098660000000000082e-05,7.321009999999999723e-07
5.100000000000000000e+05,1.140180000000000000e+05,9.656600000000000000e+04,0.000000000000000000e+00,2.741800000000000000e+04,8.780000000000000000e+02,3.000000000000000000e+00,1.447710000000000069e-05,7.922489999999999892e-07,8.300000000000000000e+02,1.115330000000000043e-05,7.374899999999999685e-07
5.120000000000000000e+05,1.136180000000000000e+05,9.680300000000000000e+04,0.000000000000000000e+00,2.781800000000000000e+04,8.640000000000000000e+02,2.000000000000000000e+00,1.440350000000000025e-05,7.930140000000000361e-07,8.380000000000000000e+02,1.116829999999999944e-05,7.385740000000000330e-07
5.140000000000000000e+05,1.132050000000000000e+05,9.671300000000000000e+04,0.000000000000000000e+00,2.823100000000000000e+04,9.510000000000000000e+02,2.000000000000000000e+00,1.431669999999999965e-05,8.014729999999999665e-07,9.070000000000000000e+02,1.112279999999999962e-05,7.476939999999999982e-07
5.160000000000000000e+05,1.128270000000000000e+05,9.657900000000000000e+04,0.000000000000000000e+00,2.860900000000000000e+04,1.005000000000000000e+03,2.000000000000000000e+00,1.423009999999999950e-05,8.000009999999999914e-07,9.770000000000000000e+02,1.106489999999999972e-05,7.459810000000000410e-07
5.180000000000000000e+05,1.124490000000000000e+05,9.648700000000000000e+04,0.000000000000000000e+00,2.898700000000000000e+04,1.002000000000000000e+03,3.000000000000000000e+00,1.414850000000000015e-05,8.030659999999999993e-07,9.700000000000000000e+02,1.102190000000000030e-05,7.487779999999999568e-07
5.200000000000000000e+05,1.120420000000000000e+05,9.642400000000000000e+04,0.000000000000000000e+00,2.939400000000000000e+04,8.830000000000000000e+02,2.000000000000000000e+00,1.406949999999999972e-05,8.004860000000000384e-07,8.450000000000000000e+02,1.098989999999999959e-05,7.460389999999999480e-07
5.220000000000000000e+05,1.116520000000000000e+05,9.633000000000000000e+04,0.000000000000000000e+00,2.978400000000000000e+04,9.860000000000000000e+02,2.000000000000000000e+00,1.399020000000000032e-05,7.976499999999999990e-07,9.570000000000000000e+02,1.095659999999999942e-05,7.426700000000000189e-07
5.240000000000000000e+05,1.112460000000000000e+05,9.630400000000000000e+04,0.000000000000000000e+00,3.019000000000000000e+04,1.047000000000000000e+03,2.000000000000000000e+00,1.390499999999999985e-05,7.985020000000000122e-07,1.015000000000000000e+03,1.092889999999999967e-05,7.440329999999999498e-07
5.260000000000000000e+05,1.108450000000000000e+05,9.624700000000000000e+04,0.000000000000000000e+00,3.059100000000000000e+04,9.590000000000000000e+02,3.000000000000000000e+00,1.382640000000000030e-05,7.948240000000000239e-07,9.270000000000000000e+02,1.090329999999999944e-05,7.400139999999999718e-07
5.280000000000000000e+05,1.186530000000000000e+05,9.623500000000000000e+04,0.000000000000000000e+00,3.099700000000000000e+04,9.440000000000000000e+02,2.000000000000000000e+00,1.479290000000000028e-05,7.901950000000000424e-07,9.140000000000000000e+02,1.089290000000000035e-05,7.355510000000000198e-07
5.300000000000000000e+05,1.182520000000000000e+05,9.622100000000000000e+04,0.000000000000000000e+00,3.139800000000000000e+04,1.012000000000000000e+03,2.000000000000000000e+00,1.473900000000000068e-05,7.874889999999999916e-07,9.760000000000000000e+02,1.088460000000000078e-05,7.326130000000000235e-07
5.320000000000000000e+05,1.178700000000000000e+05,9.627000000000000000e+04,0.000000000000000000e+00,3.178000000000000000e+04,8.500000000000000000e+02,2.000000000000000000e+00,1.469650000000000066e-05,7.830260000000000396e-07,8.140000000000000000e+02,1.089269999999999991e-05,7.272010000000000277e-07
5.340000000000000000e+05,1.174630000000000000e+05,9.635600000000000000e+04,0.000000000000000000e+00,3.218700000000000000e+04,9.120000000000000000e+02,2.000000000000000000e+00,1.465179999999999921e-05,7.834219999999999592e-07,8.700000000000000000e+02,1.090719999999999952e-05,7.276310000000000389e-07
5.360000000000000000e+05,1.170520000000000000e+05,9.646000000000000000e+04,0.000000000000000000e+00,3.259800000000000000e+04,8.940000000000000000e+02,3.000000000000000000e+00,1.460980000000000029e-05,7.805259999999999576e-07,8.640000000000000000e+02,1.093579999999999955e-05,7.240060000000000312e-07
5.380000000000000000e+05,1.166360000000000000e+05,9.668000000000000000e+04,0.000000000000000000e+00,3.301400000000000000e+04,8.980000000000000000e+02,2.000000000000000000e+00,1.456009999999999973e-05,7.830079999999999662e-07,8.560000000000000000e+02,1.097429999999999927e-05,7.269010000000000052e-07
5.400000000000000000e+05,1.162220000000000000e+05,9.716200000000000000e+04,0.000000000000000000e+00,3.342800000000000000e+04,9.500000000000000000e+02,3.000000000000000000e+00,1.450880000000000075e-05,7.811030000000000031e-07,9.190000000000000000e+02,1.106419999999999988e-05,7.253459999999999625e-07
5.420000000000000000e+05,1.158350000000000000e+05,9.796900000000000000e+04,0.000000000000000000e+00,3.381500000000000000e+04,1.055000000000000000e+03,2.000000000000000000e+00,1.445819999999999991e-05,7.828450000000000196e-07,1.018000000000000000e+03,1.121079999999999946e-05,7.275990000000000026e-07
5.440000000000000000e+05,1.154560000000000000e+05,9.859500000000000000e+04,0.000000000000000000e+00,3.419400000000000000e+04,9.270000000000000000e+02,3.000000000000000000e+00,1.439800000000000005e-05,7.910129999999999641e-07,9.090000000000000000e+02,1.131049999999999954e-05,7.358259999999999875e-07
5.460000000000000000e+05,1.150850000000000000e+05,9.847900000000000000e+04,0.000000000000000000e+00,3.456500000000000000e+04,9.900000000000000000e+02,2.000000000000000000e+00,1.432170000000000045e-05,8.008270000000000280e-07,9.540000000000000000e+02,1.126600000000000022e-05,7.459909999999999994e-07
5.480000000000000000e+05,1.147040000000000000e+05,9.832800000000000000e+04,0.000000000000000000e+00,3.494600000000000000e+04,9.950000000000000000e+02,2.000000000000000000e+00,1.424849999999999919e-05,8.020829999999999699e-07,9.690000000000000000e+02,1.121520000000000064e-05,7.476709999999999986e-07
5.500000000000000000e+05,1.143300000000000000e+05,9.817600000000000000e+04,0.000000000000000000e+00,3.532000000000000000e+04,9.770000000000000000e+02,2.000000000000000000e+00,1.416669999999999940e-05,8.015429999999999929e-07,9.470000000000000000e+02,1.116270000000000071e-05,7.471029999999999898e-07
5.520000000000000000e+05,1.139320000000000000e+05,9.802400000000000000e+04,0.000000000000000000e+00,3.571800000000000000e+04,9.730000000000000000e+02,3.000000000000000000e+00,1.409399999999999923e-05,7.960470000000000077e-07,9.540000000000000000e+02,1.111840000000000014e-05,7.415709999999999638e-07
5.540000000000000000e+05,1.135560000000000000e+05,9.785000000000000000e+04,0.000000000000000000e+00,3.609400000000000000e+04,1.010000000000000000e+03,2.000000000000000000e+00,1.403149999999999940e-05,7.929670000000000093e-07,9.700000000000000000e+02,1.107310000000000076e-05,7.384289999999999480e-07
5.560000000000000000e+05,1.131900000000000000e+05,9.769600000000000000e+04,0.000000000000000000e+00,3.646000000000000000e+04,9.630000000000000000e+02,2.000000000000000000e+00,1.396649999999999918e-05,7.907930000000000323e-07,9.210000000000000000e+02,1.102640000000000000e-05,7.365210000000000080e-07
5.580000000000000000e+05,1.128000000000000000e+05,9.761400000000000000e+04,0.000000000000000000e+00,3.685000000000000000e+04,9.740000000000000000e+02,3.000000000000000000e+00,1.389290000000000043e-05,7.863240000000000205e-07,9.480000000000000000e+02,1.099539999999999979e-05,7.321169999999999905e-07
5.600000000000000000e+05,1.210850000000000000e+05,9.749200000000000000e+04,0.000000000000000000e+00,3.724800000000000000e+04,9.410000000000000000e+02,2.000000000000000000e+00,1.491040000000000042e-05,7.853789999999999813e-07,9.050000000000000000e+02,1.096599999999999970e-05,7.311370000000000439e-07
5.620000000000000000e+05,1.206970000000000000e+05,9.741000000000000000e+04,0.000000000000000000e+00,3.763600000000000000e+04,1.023000000000000000e+03,3.000000000000000000e+00,1.487090000000000021e-05,7.805400000000000264e-07,9.690000000000000000e+02,1.094710000000000061e-05,7.257710000000000474e-07
5.640000000000000000e+05,1.203240000000000000e+05,9.731600000000000000e+04,0.000000000000000000e+00,3.800900000000000000e+04,1.043000000000000000e+03,3.000000000000000000e+00,1.484369999999999986e-05,7.792149999999999798e-07,9.870000000000000000e+02,1.092840000000000026e-05,7.240780000000000070e-07
5.660000000000000000e+05,1.199360000000000000e+05,9.726600000000000000e+04,0.000000000000000000e+00,3.839700000000000000e+04,9.320000000000000000e+02,2.000000000000000000e+00,1.481339999999999949e-05,7.784399999999999746e-07,8.960000000000000000e+02,1.091939999999999916e-05,7.232759999999999975e-07
5.680000000000000000e+05,1.195560000000000000e+05,9.725800000000000000e+04,0.000000000000000000e+00,3.877700000000000000e+04,9.740000000000000000e+02,3.000000000000000000e+00,1.478450000000000050e-05,7.752190000000000015e-07,9.380000000000000000e+02,1.092199999999999978e-05,7.198309999999999823e-07
5.700000000000000000e+05,1.191890000000000000e+05,9.733500000000000000e+04,0.000000000000000000e+00,3.914400000000000000e+04,9.680000000000000000e+02,3.000000000000000000e+00,1.476040000000000017e-05,7.750409999999999585e-07,9.300000000000000000e+02,1.093710000000000071e-05,7.198959999999999765e-07
5.720000000000000000e+05,1.188070000000000000e+05,9.761600000000000000e+04,0.000000000000000000e+00,3.952600000000000000e+04,9.500000000000000000e+02,2.000000000000000000e+00,1.472909999999999930e-05,7.748100000000000407e-07,9.100000000000000000e+02,1.099790000000000019e-05,7.195119999999999646e-07
5.740000000000000000e+05,1.184150000000000000e+05,9.818000000000000000e+04,0.000000000000000000e+00,3.991800000000000000e+04,1.028000000000000000e+03,2.000000000000000000e+00,1.468979999999999952e-05,7.774750000000000185e-07,9.920000000000000000e+02,1.109530000000000031e-05,7.219650000000000198e-07
5.760000000000000000e+05,1.179990000000000000e+05,9.901000000000000000e+04,0.000000000000000000e+00,4.033400000000000000e+04,1.003000000000000000e+03,2.000000000000000000e+00,1.463359999999999996e-05,7.825160000000000436e-07,9.530000000000000000e+02,1.123300000000000070e-05,7.270649999999999794e-07
5.780000000000000000e+05,1.175720000000000000e+05,9.892500000000000000e+04,0.000000000000000000e+00,4.076100000000000000e+04,1.002000000000000000e+03,2.000000000000000000e+00,1.457099999999999991e-05,7.877320000000000289e-07,9.580000000000000000e+02,1.120099999999999999e-05,7.331310000000000286e-07
5.800000000000000000e+05,1.171540000000000000e+05,9.876100000000000000e+04,0.000000000000000000e+00,4.117900000000000000e+04,1.083000000000000000e+03,2.000000000000000000e+00,1.449759999999999990e-05,7.934909999999999682e-07,1.044000000000000000e+03,1.115149999999999987e-05,7.389220000000000041e-07
5.820000000000000000e+05,1.167270000000000000e+05,9.854000000000000000e+04,0.000000000000000000e+00,4.160600000000000000e+04,1.015000000000000000e+03,2.000000000000000000e+00,1.442120000000000009e-05,7.932529999999999630e-07,9.660000000000000000e+02,1.109169999999999919e-05,7.391169999999999870e-07
5.840000000000000000e+05,1.163250000000000000e+05,9.842500000000000000e+04,0.000000000000000000e+00,4.200800000000000000e+04,1.012000000000000000e+03,2.000000000000000000e+00,1.434960000000000064e-05,7.933839999999999792e-07,9.530000000000000000e+02,1.105239999999999942e-05,7.394039999999999683e-07
5.860000000000000000e+05,1.159040000000000000e+05,9.830700000000000000e+04,0.000000000000000000e+00,4.242900000000000000e+04,1.052000000000000000e+03,3.000000000000000000e+00,1.427089999999999918e-05,7.940059999999999963e-07,1.007000000000000000e+03,1.100849999999999972e-05,7.403880000000000253e-07
5.880000000000000000e+05,1.154650000000000000e+05,9.815500000000000000e+04,0.000000000000000000e+00,4.286800000000000000e+04,1.009000000000000000e+03,3.000000000000000000e+00,1.419420000000000040e-05,7.935050000000000370e-07,9.670000000000000000e+02,1.096579999999999926e-05,7.401080000000000254e-07
5.900000000000000000e+05,1.150180000000000000e+05,9.802600000000000000e+04,0.000000000000000000e+00,4.331500000000000000e+04,1.032000000000000000e+03,2.000000000000000000e+00,1.411489999999999932e-05,7.880679999999999864e-07,9.880000000000000000e+02,1.093599999999999999e-05,7.343019999999999535e-07
5.920000000000000000e+05,1.145850000000000000e+05,9.792900000000000000e+04,0.000000000000000000e+00,4.374800000000000000e+04,1.025000000000000000e+03,2.000000000000000000e+00,1.404660000000000033e-05,7.807620000000000135e-07,9.870000000000000000e+02,1.091150000000000048e-05,7.278330000000000032e-07
5.940000000000000000e+05,1.226830000000000000e+05,9.781400000000000000e+04,0.000000000000000000e+00,4.420000000000000000e+04,9.660000000000000000e+02,3.000000000000000000e+00,1.505909999999999953e-05,7.759410000000000261e-07,9.350000000000000000e+02,1.088890000000000005e-05,7.222190000000000431e-07
5.960000000000000000e+05,1.222160000000000000e+05,9.771800000000000000e+04,0.000000000000000000e+00,4.466700000000000000e+04,1.009000000000000000e+03,2.000000000000000000e+00,1.500519999999999992e-05,7.750970000000000220e-07,9.640000000000000000e+02,1.087190000000000004e-05,7.211180000000000387e-07
5.980000000000000000e+05,1.217420000000000000e+05,9.770400000000000000e+04,0.000000000000000000e+00,4.514100000000000000e+04,9.370000000000000000e+02,2.000000000000000000e+00,1.496019999999999951e-05,7.740190000000000172e-07,8.820000000000000000e+02,1.087309999999999929e-05,7.198419999999999683e-07
6.000000000000000000e+05,1.212750000000000000e+05,9.773100000000000000e+04,0.000000000000000000e+00,4.560800000000000000e+04,1.068000000000000000e+03,3.000000000000000000e+00,1.490740000000000062e-05,7.723069999999999818e-07,1.010000000000000000e+03,1.087970000000000021e-05,7.185489999999999579e-07
